idDrink,strDrink,strIngredient1,strIngredient2,strIngredient3,strIngredient4,strIngredient5,strIngredient6,strIngredient7,strIngredient8,strIngredient9,strIngredient10,strIngredient11,strIngredient12,strMeasure1,strMeasure2,strMeasure3,strMeasure4,strMeasure5,strMeasure6,strMeasure7,strMeasure8,strMeasure9,strMeasure10,strMeasure11,strMeasure12,Drink_ABV
15997,GG,Galliano,Ginger ale,Ice,,,,,,,,,,3.75,0.0,0.0,0.0,0.0,0.0,0.0,0.0,0.0,0.0,0.0,0.0,35
17222,A1,Gin,Grand Marnier,Lemon Juice,Grenadine,,,,,,,,,2.625,1.5,6.0,12.0,0.0,0.0,0.0,0.0,0.0,0.0,0.0,0.0,7
13501,ABC,Amaretto,Baileys irish cream,Cognac,,,,,,,,,,0.0,0.0,0.0,0.0,0.0,0.0,0.0,0.0,0.0,0.0,0.0,0.0,0
17203,Kir,Creme de Cassis,Champagne,,,,,,,,,,,1.5,7.5,0.0,0.0,0.0,0.0,0.0,0.0,0.0,0.0,0.0,0.0,13
14229,747,Kahlua,Baileys irish cream,Frangelico,,,,,,,,,,4.5,4.5,4.5,0.0,0.0,0.0,0.0,0.0,0.0,0.0,0.0,0.0,28
15288,252,151 proof rum,Wild Turkey,,,,,,,,,,,3.0,3.0,0.0,0.0,0.0,0.0,0.0,0.0,0.0,0.0,0.0,0.0,23
17225,Ace,Gin,Grenadine,Heavy cream,Milk,Egg White,,,,,,,,3.0,3.0,3.0,3.0,0.0,0.0,0.0,0.0,0.0,0.0,0.0,0.0,9
17837,Adam,Dark rum,Lemon juice,Grenadine,,,,,,,,,,2.0,1.0,0.167,0.0,0.0,0.0,0.0,0.0,0.0,0.0,0.0,0.0,29
13332,B-53,Kahlua,Sambuca,Grand Marnier,,,,,,,,,,4.5,4.5,4.5,0.0,0.0,0.0,0.0,0.0,0.0,0.0,0.0,0.0,35
13938,AT&T,Absolut Vodka,Gin,Tonic water,,,,,,,,,,1.0,1.0,4.0,0.0,0.0,0.0,0.0,0.0,0.0,0.0,0.0,0.0,13
14610,ACID,151 proof rum,Wild Turkey,,,,,,,,,,,1.0,1.0,0.0,0.0,0.0,0.0,0.0,0.0,0.0,0.0,0.0,0.0,23
15853,B-52,Baileys irish cream,Grand Marnier,Kahlua,,,,,,,,,,0.0,0.0,0.0,0.0,0.0,0.0,0.0,0.0,0.0,0.0,0.0,0.0,0
16262,H.D.,Whisky,Baileys irish cream,Coffee,,,,,,,,,,1.352,2.704,0.0,0.0,0.0,0.0,0.0,0.0,0.0,0.0,0.0,0.0,22
17141,Smut,Red wine,Peach schnapps,Pepsi Cola,Orange juice,,,,,,,,,4.5,1.5,4.5,4.5,0.0,0.0,0.0,0.0,0.0,0.0,0.0,0.0,2
17208,Rose,Dry Vermouth,Gin,Apricot brandy,Lemon juice,Grenadine,Powdered sugar,,,,,,,2.0,1.0,2.0,0.334,0.167,0.0,0.0,0.0,0.0,0.0,0.0,0.0,28
17833,A. J.,Applejack,Grapefruit juice,,,,,,,,,,,1.5,1.0,0.0,0.0,0.0,0.0,0.0,0.0,0.0,0.0,0.0,0.0,0
17187,Derby,gin,Peach Bitters,Mint,,,,,,,,,,2.028,0.5,0.0,0.0,0.0,0.0,0.0,0.0,0.0,0.0,0.0,0.0,29
12764,Karsk,Coffee,Grain alcohol,,,,,,,,,,,1.5,3.0,0.0,0.0,0.0,0.0,0.0,0.0,0.0,0.0,0.0,0.0,0
12776,Melya,Espresso,Honey,Cocoa powder,,,,,,,,,,0.0,0.0,0.0,0.0,0.0,0.0,0.0,0.0,0.0,0.0,0.0,0.0,0
14598,50/50,Vanilla vodka,Grand Marnier,Orange juice,,,,,,,,,,2.5,0.5,0.0,0.0,0.0,0.0,0.0,0.0,0.0,0.0,0.0,0.0,41
15328,Zorro,Sambuca,Baileys irish cream,White Creme de Menthe,,,,,,,,,,0.676,0.676,0.676,0.0,0.0,0.0,0.0,0.0,0.0,0.0,0.0,0.0,33
17254,Bijou,Orange Bitters,Green Chartreuse,Gin,Sweet Vermouth,,,,,,,,,0.25,1.0,1.0,1.0,0.0,0.0,0.0,0.0,0.0,0.0,0.0,0.0,51
17839,Affair,Strawberry schnapps,Orange juice,Cranberry juice,Club soda,,,,,,,,,2.0,2.0,2.0,0.0,0.0,0.0,0.0,0.0,0.0,0.0,0.0,0.0,0
11149,Boxcar,Gin,Triple sec,Lemon juice,Grenadine,Egg white,,,,,,,,1.5,1.0,0.167,0.334,0.0,0.0,0.0,0.0,0.0,0.0,0.0,0.0,28
11872,Orgasm,Creme de Cacao,Amaretto,Triple sec,Vodka,Light cream,,,,,,,,2.0,2.0,2.0,2.0,1.0,0.0,0.0,0.0,0.0,0.0,0.0,0.0,27
12450,Victor,Gin,Sweet Vermouth,Brandy,,,,,,,,,,1.5,2.0,2.0,0.0,0.0,0.0,0.0,0.0,0.0,0.0,0.0,0.0,32
13128,Diesel,Lager,Cider,Blackcurrant cordial,,,,,,,,,,32.0,32.0,0.25,0.0,0.0,0.0,0.0,0.0,0.0,0.0,0.0,0.0,0
11000,Mojito,Light rum,Lime,Sugar,Mint,Soda water,,,,,,,,3.0,1.0,0.334,0.0,0.0,0.0,0.0,0.0,0.0,0.0,0.0,0.0,32
14888,Zinger,Peachtree schnapps,Surge,,,,,,,,,,,6.0,6.0,0.0,0.0,0.0,0.0,0.0,0.0,0.0,0.0,0.0,0.0,0
15106,Apello,Orange juice,Grapefruit juice,Apple juice,Maraschino cherry,,,,,,,,,1.352,1.014,0.338,0.0,0.0,0.0,0.0,0.0,0.0,0.0,0.0,0.0,0
15266,Avalon,Vodka,Pisang Ambon,Apple juice,Lemon juice,Lemonade,,,,,,,,4.5,1.5,9.0,2.25,0.0,0.0,0.0,0.0,0.0,0.0,0.0,0.0,12
15691,Zoksel,Beer,Root beer,Lemonade,Coca-Cola,7-Up,Creme de Cassis,Lemon,,,,,,0.0,0.0,0.0,0.0,0.0,0.0,0.0,0.0,0.0,0.0,0.0,0.0,0
17185,Casino,Gin,Maraschino liqueur,Lemon juice,Orange bitters,Cherry,,,,,,,,2.0,0.668,0.668,0.5,0.0,0.0,0.0,0.0,0.0,0.0,0.0,0.0,26
16031,Radler,Beer,7-Up,,,,,,,,,,,2.0,2.0,0.0,0.0,0.0,0.0,0.0,0.0,0.0,0.0,0.0,0.0,0
17205,Mimosa,Champagne,Orange juice,,,,,,,,,,,0.0,2.0,0.0,0.0,0.0,0.0,0.0,0.0,0.0,0.0,0.0,0.0,0
17215,Spritz,Prosecco,Campari,Soda Water,,,,,,,,,,2.028,1.352,0.0,0.0,0.0,0.0,0.0,0.0,0.0,0.0,0.0,0.0,0
17218,Vesper,Gin,Vodka,Lillet Blanc,,,,,,,,,,2.028,1.6900000000000002,1.6900000000000002,0.0,0.0,0.0,0.0,0.0,0.0,0.0,0.0,0.0,27
17241,Zombie,Rum,Gold rum,151 proof rum,Pernod,Grenadine,Lime Juice,Angostura Bitters,,,,,,1.5,1.5,1.0,0.167,0.167,0.167,0.01,0.0,0.0,0.0,0.0,0.0,41
17253,Paloma,Grape Soda,Tequila,,,,,,,,,,,3.0,1.5,0.0,0.0,0.0,0.0,0.0,0.0,0.0,0.0,0.0,0.0,15
17255,Gimlet,Gin,Lime Juice,Sugar Syrup,Lime,,,,,,,,,2.5,2.0,2.0,0.0,0.0,0.0,0.0,0.0,0.0,0.0,0.0,0.0,14
17835,Abilene,Dark rum,Peach nectar,Orange juice,,,,,,,,,,1.5,2.0,3.0,0.0,0.0,0.0,0.0,0.0,0.0,0.0,0.0,0.0,10
11023,Almeria,Dark rum,Kahlua,Egg white,,,,,,,,,,2.0,1.0,0.0,0.0,0.0,0.0,0.0,0.0,0.0,0.0,0.0,0.0,40
11690,Mai Tai,Light rum,Orgeat syrup,Triple sec,Sweet and sour,Cherry,,,,,,,,1.0,2.0,2.0,1.5,0.0,0.0,0.0,0.0,0.0,0.0,0.0,0.0,16
11728,Martini,Gin,Dry Vermouth,Olive,,,,,,,,,,1.6600000000000001,3.0,0.0,0.0,0.0,0.0,0.0,0.0,0.0,0.0,0.0,0.0,25
11993,Quentin,Dark rum,Kahlua,Light cream,Nutmeg,,,,,,,,,1.5,2.0,1.0,1.336,0.0,0.0,0.0,0.0,0.0,0.0,0.0,0.0,21
12127,Sazerac,Ricard,Sugar,Peychaud bitters,Water,Bourbon,Lemon peel,,,,,,,0.167,0.334,0.5,0.167,2.0,0.0,0.0,0.0,0.0,0.0,0.0,0.0,41
12130,Scooter,Brandy,Amaretto,Light cream,,,,,,,,,,1.0,1.0,1.0,0.0,0.0,0.0,0.0,0.0,0.0,0.0,0.0,0.0,23
12196,Sidecar,Cognac,Cointreau,Lemon juice,,,,,,,,,,2.0,2.0,1.0,0.0,0.0,0.0,0.0,0.0,0.0,0.0,0.0,0.0,32
12444,Vesuvio,Light rum,Sweet Vermouth,Lemon,Powdered sugar,Egg white,,,,,,,,1.0,2.0,2.0,0.167,0.0,0.0,0.0,0.0,0.0,0.0,0.0,0.0,16
12446,Veteran,Dark rum,Cherry brandy,,,,,,,,,,,2.0,2.0,0.0,0.0,0.0,0.0,0.0,0.0,0.0,0.0,0.0,0.0,44
12704,Limeade,Lime,Sugar,Soda water,Lime peel,,,,,,,,,1.0,0.5,0.0,0.0,0.0,0.0,0.0,0.0,0.0,0.0,0.0,0.0,0
12768,Frappé,Coffee,Milk,Sugar,,,,,,,,,,16.0,16.0,0.334,0.0,0.0,0.0,0.0,0.0,0.0,0.0,0.0,0.0,0
13020,Sangria,Red wine,Sugar,Orange juice,Lemon juice,Cloves,Cinnamon,,,,,,,12.0,16.0,8.0,8.0,0.0,0.0,0.0,0.0,0.0,0.0,0.0,0.0,0
13222,Big Red,Irish cream,Goldschlager,,,,,,,,,,,2.0,2.0,0.0,0.0,0.0,0.0,0.0,0.0,0.0,0.0,0.0,0.0,30
17176,Ipamena,Lime,Brown sugar,Passion fruit juice,Ginger ale,Ice,,,,,,,,0.0,0.334,1.352,0.0,0.0,0.0,0.0,0.0,0.0,0.0,0.0,0.0,0
11003,Negroni,Gin,Campari,Sweet Vermouth,,,,,,,,,,1.0,1.0,1.0,0.0,0.0,0.0,0.0,0.0,0.0,0.0,0.0,0.0,18
15933,Zambeer,Sambuca,Root beer,Ice,,,,,,,,,,1.5,0.0,0.0,0.0,0.0,0.0,0.0,0.0,0.0,0.0,0.0,0.0,40
17193,Stinger,Brandy,White Creme de Menthe,,,,,,,,,,,1.5,2.0,0.0,0.0,0.0,0.0,0.0,0.0,0.0,0.0,0.0,0.0,32
17195,Bellini,Champagne,Peach schnapps,,,,,,,,,,,6.0,1.0,0.0,0.0,0.0,0.0,0.0,0.0,0.0,0.0,0.0,0.0,13
17210,Bramble,Gin,lemon juice,Sugar syrup,Creme de Mure,,,,,,,,,1.352,1.6900000000000002,0.338,1.6900000000000002,0.0,0.0,0.0,0.0,0.0,0.0,0.0,0.0,9
17217,Vampiro,Tequila,Tomato Juice,Orange Juice,Lime Juice,Sugar Syrup,Salt,,,,,,,2.028,1.014,1.014,1.6900000000000002,0.25,0.0,0.0,0.0,0.0,0.0,0.0,0.0,15
17228,Addison,Gin,Vermouth,,,,,,,,,,,2.25,2.25,0.0,0.0,0.0,0.0,0.0,0.0,0.0,0.0,0.0,0.0,28
17827,Old Pal,Rye whiskey,Campari,Dry Vermouth,,,,,,,,,,2.0,1.0,1.0,0.0,0.0,0.0,0.0,0.0,0.0,0.0,0.0,0.0,27
178349,Snowday,Vodka,Amaro Montenegro,Ruby Port,Blood Orange,Angostura Bitters,Orange Peel,,,,,,,1.0,1.0,1.0,0.167,0.0,0.0,0.0,0.0,0.0,0.0,0.0,0.0,18
17836,Acapulco,Light rum,Triple sec,Lime juice,Sugar,Egg white,Mint,,,,,,,1.5,0.2505,0.5,0.167,0.0,0.0,0.0,0.0,0.0,0.0,0.0,0.0,32
17840,Affinity,Scotch,Sweet Vermouth,Dry Vermouth,Orange bitters,,,,,,,,,1.5,1.0,1.0,0.5,0.0,0.0,0.0,0.0,0.0,0.0,0.0,0.0,9
11046,Applecar,Applejack,Triple sec,Lemon juice,,,,,,,,,,1.0,1.0,1.0,0.0,0.0,0.0,0.0,0.0,0.0,0.0,0.0,0.0,10
11060,Balmoral,Scotch,Sweet Vermouth,Dry Vermouth,Bitters,,,,,,,,,1.5,2.0,2.0,0.5,0.0,0.0,0.0,0.0,0.0,0.0,0.0,0.0,12
11120,Bluebird,Gin,Triple sec,Blue Curacao,Bitters,Maraschino cherry,Lemon peel,,,,,,,1.5,2.0,2.0,0.5,0.0,0.0,0.0,0.0,0.0,0.0,0.0,0.0,39
11006,Daiquiri,Light rum,Lime,Powdered sugar,,,,,,,,,,1.5,2.0,0.167,0.0,0.0,0.0,0.0,0.0,0.0,0.0,0.0,0.0,19
11410,Gin Fizz,Gin,Lemon,Powdered sugar,Carbonated water,,,,,,,,,2.0,2.0,0.167,0.0,0.0,0.0,0.0,0.0,0.0,0.0,0.0,0.0,17
11417,Gin Sour,Gin,Lemon juice,Sugar,Orange,Maraschino cherry,,,,,,,,2.0,1.0,0.334,0.0,0.0,0.0,0.0,0.0,0.0,0.0,0.0,0.0,22
11422,Godchild,Vodka,Amaretto,Heavy cream,,,,,,,,,,1.0,1.0,1.0,0.0,0.0,0.0,0.0,0.0,0.0,0.0,0.0,0.0,23
11600,Kamikaze,Vodka,Triple sec,Lime juice,,,,,,,,,,1.0,1.0,1.0,0.0,0.0,0.0,0.0,0.0,0.0,0.0,0.0,0.0,24
11936,Pink Gin,Bitters,Gin,,,,,,,,,,,0.75,2.0,0.0,0.0,0.0,0.0,0.0,0.0,0.0,0.0,0.0,0.0,26
12093,Rum Sour,Light rum,Lemon juice,Sugar,Orange,Maraschino cherry,,,,,,,,2.0,1.0,0.334,0.0,0.0,0.0,0.0,0.0,0.0,0.0,0.0,0.0,28
12388,Thriller,Scotch,Wine,Orange juice,,,,,,,,,,1.5,1.0,1.0,0.0,0.0,0.0,0.0,0.0,0.0,0.0,0.0,0.0,0
13539,Ice Pick,Vodka,Iced tea,Lemon juice,,,,,,,,,,1.5,6.0,0.0,0.0,0.0,0.0,0.0,0.0,0.0,0.0,0.0,0.0,8
13581,410 Gone,Peach Vodka,Coca-Cola,,,,,,,,,,,3.0,0.0,0.0,0.0,0.0,0.0,0.0,0.0,0.0,0.0,0.0,0.0,42
14195,Snowball,Advocaat,Lemonade,Lemon,Ice,,,,,,,,,1.5,0.0,0.0,0.0,0.0,0.0,0.0,0.0,0.0,0.0,0.0,0.0,17
17180,Aviation,Gin,lemon juice,maraschino liqueur,,,,,,,,,,1.6900000000000002,1.6900000000000002,1.6900000000000002,0.0,0.0,0.0,0.0,0.0,0.0,0.0,0.0,0.0,25
15409,Danbooka,Coffee,Everclear,,,,,,,,,,,4.5,1.5,0.0,0.0,0.0,0.0,0.0,0.0,0.0,0.0,0.0,0.0,21
16985,Shot-gun,Jim Beam,Jack Daniels,Wild Turkey,,,,,,,,,,1.5,1.5,1.0,0.0,0.0,0.0,0.0,0.0,0.0,0.0,0.0,0.0,0
17105,501 Blue,Blue Curacao,Blueberry schnapps,Vodka,Sour mix,7-Up,,,,,,,,0.0,0.0,0.0,0.0,0.0,0.0,0.0,0.0,0.0,0.0,0.0,0.0,0
17190,Paradise,Gin,Apricot Brandy,Orange Juice,,,,,,,,,,10.5,6.0,4.5,0.0,0.0,0.0,0.0,0.0,0.0,0.0,0.0,0.0,30
178310,Brooklyn,Rye Whiskey,Dry Vermouth,Maraschino Liqueur,Angostura Bitters,Maraschino Cherry,,,,,,,,2.0,1.0,4.0,0.75,0.0,0.0,0.0,0.0,0.0,0.0,0.0,0.0,34
178322,Spice 75,Sugar,Allspice,Rum,Lime Juice,Champagne,Orange spiral,,,,,,,0.0,0.5,0.0,0.0,2.028,0.0,0.0,0.0,0.0,0.0,0.0,0.0,9
11014,Alexander,Gin,Creme de Cacao,Light cream,Nutmeg,,,,,,,,,2.0,2.0,2.0,0.0,0.0,0.0,0.0,0.0,0.0,0.0,0.0,0.0,20
11020,Algonquin,Blended whiskey,Dry Vermouth,Pineapple juice,,,,,,,,,,1.5,1.0,1.0,0.0,0.0,0.0,0.0,0.0,0.0,0.0,0.0,0.0,25
11021,Allegheny,Dry Vermouth,Bourbon,Blackberry brandy,Lemon juice,Lemon peel,,,,,,,,1.0,1.0,0.2505,0.2505,0.0,0.0,0.0,0.0,0.0,0.0,0.0,0.0,37
11055,Artillery,Sweet Vermouth,Gin,Bitters,,,,,,,,,,0.2505,1.5,0.5,0.0,0.0,0.0,0.0,0.0,0.0,0.0,0.0,0.0,26
11124,Boomerang,Gin,Dry Vermouth,Bitters,Maraschino liqueur,Maraschino cherry,,,,,,,,2.0,2.0,0.5,0.334,0.0,0.0,0.0,0.0,0.0,0.0,0.0,0.0,25
11320,Dragonfly,Gin,Ginger ale,Lime,,,,,,,,,,1.5,4.0,0.0,0.0,0.0,0.0,0.0,0.0,0.0,0.0,0.0,0.0,37
11375,Foxy Lady,Amaretto,Creme de Cacao,Light cream,,,,,,,,,,2.0,2.0,2.0,0.0,0.0,0.0,0.0,0.0,0.0,0.0,0.0,0.0,17
11408,Gin Daisy,Gin,Lemon juice,Sugar,Grenadine,Maraschino cherry,Orange,,,,,,,2.0,1.0,0.334,0.334,0.0,0.0,0.0,0.0,0.0,0.0,0.0,0.0,20
11415,Gin Sling,Gin,Lemon,Powdered sugar,Water,Orange peel,,,,,,,,2.0,2.0,0.167,0.167,0.0,0.0,0.0,0.0,0.0,0.0,0.0,0.0,17
11416,Gin Smash,Gin,Carbonated water,Sugar,Mint,Orange,Cherry,,,,,,,2.0,1.0,0.5,0.0,0.0,0.0,0.0,0.0,0.0,0.0,0.0,0.0,21
11420,Gin Toddy,Gin,Water,Powdered sugar,Lemon peel,,,,,,,,,2.0,0.334,0.334,0.0,0.0,0.0,0.0,0.0,0.0,0.0,0.0,0.0,27
11423,Godfather,Scotch,Amaretto,,,,,,,,,,,1.5,4.0,0.0,0.0,0.0,0.0,0.0,0.0,0.0,0.0,0.0,0.0,20
11424,Godmother,Vodka,Amaretto,,,,,,,,,,,1.5,4.0,0.0,0.0,0.0,0.0,0.0,0.0,0.0,0.0,0.0,0.0,31
11938,Pink Lady,Gin,Grenadine,Light cream,Egg white,,,,,,,,,1.5,0.167,0.167,0.0,0.0,0.0,0.0,0.0,0.0,0.0,0.0,0.0,30
11987,Queen Bee,Coffee brandy,Lime vodka,Sherry,,,,,,,,,,1.0,1.5,2.0,0.0,0.0,0.0,0.0,0.0,0.0,0.0,0.0,0.0,23
12097,Rum Toddy,Rum,Powdered sugar,Lemon peel,Water,,,,,,,,,2.0,0.334,0.0,0.334,0.0,0.0,0.0,0.0,0.0,0.0,0.0,0.0,35
12107,Salty Dog,Grapefruit juice,Gin,Salt,,,,,,,,,,5.0,1.5,0.668,0.0,0.0,0.0,0.0,0.0,0.0,0.0,0.0,0.0,7
12436,Van Vleet,Light rum,Maple syrup,Lemon juice,,,,,,,,,,3.0,1.0,1.0,0.0,0.0,0.0,0.0,0.0,0.0,0.0,0.0,0.0,28
12560,Afterglow,Grenadine,Orange juice,Pineapple juice,,,,,,,,,,1.5,6.0,6.0,0.0,0.0,0.0,0.0,0.0,0.0,0.0,0.0,0.0,0
12572,Bora Bora,Pineapple juice,Passion fruit juice,Lemon juice,Grenadine,,,,,,,,,0.0,2.028,0.338,0.338,0.0,0.0,0.0,0.0,0.0,0.0,0.0,0.0,0
12618,Orangeade,Lemon juice,Orange juice,Sugar syrup,Soda water,,,,,,,,,1.6900000000000002,1.6900000000000002,1.014,0.0,0.0,0.0,0.0,0.0,0.0,0.0,0.0,0.0,0
12668,Egg Cream,Chocolate syrup,Milk,Soda water,,,,,,,,,,1.0,6.0,6.0,0.0,0.0,0.0,0.0,0.0,0.0,0.0,0.0,0.0,0
12756,Autodafé,Vodka,Lime juice,Soda water,,,,,,,,,,1.352,0.25,0.0,0.0,0.0,0.0,0.0,0.0,0.0,0.0,0.0,0.0,35
12758,Gagliardo,Peach Vodka,Lemon juice,Galliano,Sirup of roses,,,,,,,,,7.5,4.5,1.5,1.5,0.0,0.0,0.0,0.0,0.0,0.0,0.0,0.0,24
12856,Tia-Maria,Water,Brown sugar,Coffee,Rum,Vanilla extract,,,,,,,,8.0,8.0,0.668,8.0,0.668,0.0,0.0,0.0,0.0,0.0,0.0,0.0,14
12944,Gluehwein,Red wine,Water,Sugar,Cinnamon,Cloves,Lemon peel,,,,,,,33.8,0.16899999999999998,0.0,0.0,0.0,0.5,0.0,0.0,0.0,0.0,0.0,0.0,0
11007,Margarita,Tequila,Triple sec,Lime juice,Salt,,,,,,,,,1.5,2.0,1.0,0.0,0.0,0.0,0.0,0.0,0.0,0.0,0.0,0.0,28
13162,Afternoon,Kahlua,Baileys irish cream,Frangelico,Coffee,Cream,,,,,,,,0.338,0.338,0.0,1.352,0.0,0.0,0.0,0.0,0.0,0.0,0.0,0.0,10
11008,Manhattan,Sweet Vermouth,Bourbon,Angostura bitters,Ice,Maraschino cherry,Orange peel,,,,,,,4.0,2.5,0.0,0.0,0.0,0.0,0.0,0.0,0.0,0.0,0.0,0.0,36
14378,Lunch Box,Beer,Amaretto,Orange juice,,,,,,,,,,48.0,1.5,1.0,0.0,0.0,0.0,0.0,0.0,0.0,0.0,0.0,0.0,0
14978,Rum Punch,Rum,Ginger ale,Fruit punch,Orange juice,Ice,,,,,,,,0.0,0.0,0.16899999999999998,0.16899999999999998,0.0,0.0,0.0,0.0,0.0,0.0,0.0,0.0,0
15182,After sex,Vodka,Creme de Banane,Orange juice,,,,,,,,,,0.676,0.338,0.0,0.0,0.0,0.0,0.0,0.0,0.0,0.0,0.0,0.0,38
17209,Barracuda,Rum,Galliano,Pineapple Juice,Lime Juice,Prosecco,,,,,,,,1.6900000000000002,1.6900000000000002,2.028,0.25,0.0,0.0,0.0,0.0,0.0,0.0,0.0,0.0,24
15941,Americano,Campari,Sweet Vermouth,Lemon peel,Orange peel,,,,,,,,,1.0,1.0,0.0,0.0,0.0,0.0,0.0,0.0,0.0,0.0,0.0,0.0,9
16178,Jitterbug,Gin,Vodka,Grenadine,Lime juice,Sugar,Sugar syrup,Soda water,,,,,,3.0,1.5,0.75,1.5,0.0,0.75,0.0,0.0,0.0,0.0,0.0,0.0,23
16311,Applejack,Jack Daniels,Midori melon liqueur,Sour mix,,,,,,,,,,1.0,2.0,2.0,0.0,0.0,0.0,0.0,0.0,0.0,0.0,0.0,0.0,18
16333,Adam Bomb,Rum,Vodka,Tequila,Triple sec,Fruit,Ice,Salt,Fruit juice,,,,,1.5,1.5,1.5,3.0,0.0,0.0,48.0,0.0,0.0,0.0,0.0,0.0,5
16419,Avalanche,Crown Royal,Kahlua,Cream,,,,,,,,,,1.5,1.5,0.0,0.0,0.0,0.0,0.0,0.0,0.0,0.0,0.0,0.0,13
16963,Zorbatini,Vodka,Ouzo,,,,,,,,,,,1.25,4.0,0.0,0.0,0.0,0.0,0.0,0.0,0.0,0.0,0.0,0.0,40
16991,Downshift,Fruit punch,Sprite,Tequila,151 proof rum,,,,,,,,,3.0,1.5,3.0,0.0,0.0,0.0,0.0,0.0,0.0,0.0,0.0,0.0,18
17178,Jam Donut,Baileys irish cream,Chambord raspberry liqueur,Sugar syrup,Sugar,,,,,,,,,3.0,3.0,0.167,0.3,0.0,0.0,0.0,0.0,0.0,0.0,0.0,0.0,23
17035,Buccaneer,Corona,Bacardi Limon,,,,,,,,,,,0.0,1.5,0.0,0.0,0.0,0.0,0.0,0.0,0.0,0.0,0.0,0.0,0
17197,French 75,Gin,Sugar,Lemon juice,Champagne,Orange,Maraschino cherry,,,,,,,1.5,0.334,1.5,4.0,0.0,0.0,0.0,0.0,0.0,0.0,0.0,0.0,14
17227,Addington,Sweet Vermouth,Dry Vermouth,Soda Water,,,,,,,,,,3.0,1.5,0.0,0.0,0.0,0.0,0.0,0.0,0.0,0.0,0.0,0.0,19
17249,Pegu Club,Gin,Orange Curacao,Lime Juice,Angostura Bitters,Orange Bitters,,,,,,,,1.5,4.0,4.0,0.25,0.25,0.0,0.0,0.0,0.0,0.0,0.0,0.0,17
17252,Greyhound,Vodka,Grapefruit Juice,,,,,,,,,,,1.5,3.0,0.0,0.0,0.0,0.0,0.0,0.0,0.0,0.0,0.0,0.0,14
17825,Brigadier,Hot Chocolate,Green Chartreuse,Cherry Heering,,,,,,,,,,4.0,1.0,1.0,0.0,0.0,0.0,0.0,0.0,0.0,0.0,0.0,0.0,22
17828,Tipperary,Irish Whiskey,Sweet Vermouth,Green Chartreuse,,,,,,,,,,2.0,1.0,2.0,0.0,0.0,0.0,0.0,0.0,0.0,0.0,0.0,0.0,66
178311,Broadside,151 proof rum,Scotch,Bitters,Wormwood,Ice,,,,,,,,1.5,3.0,0.03,0.0,0.0,0.0,0.0,0.0,0.0,0.0,0.0,0.0,15
178316,Honey Bee,White Rum,Honey,Lemon Juice,,,,,,,,,,2.028,0.676,0.676,0.0,0.0,0.0,0.0,0.0,0.0,0.0,0.0,0.0,28
178318,747 Drink,Vodka,Roses sweetened lime juice,Cranberry Juice,Sprite,,,,,,,,,1.0,1.0,1.0,0.0,0.0,0.0,0.0,0.0,0.0,0.0,0.0,0.0,14
178343,Michelada,Beer,Tomato Juice,Lime Juice,Hot Sauce,Worcestershire Sauce,Soy Sauce,,,,,,,4.0,4.0,0.5,0.0,0.0,0.0,0.0,0.0,0.0,0.0,0.0,0.0,0
178345,Hot Toddy,Whiskey,Honey,Cinnamon,lemon,Cloves,,,,,,,,0.0,0.16899999999999998,0.0,0.0,0.0,0.0,0.0,0.0,0.0,0.0,0.0,0.0,0
178350,The Galah,Dark Rum,Campari,Creme De Banane,Pineapple Juice,Lime Juice,,,,,,,,1.5,1.5,3.0,0.0,0.0,0.0,0.0,0.0,0.0,0.0,0.0,0.0,26
11024,Almond Joy,Amaretto,Creme de Cacao,Light cream,,,,,,,,,,2.0,2.0,2.0,0.0,0.0,0.0,0.0,0.0,0.0,0.0,0.0,0.0,17
11034,Angel Face,Apricot brandy,Apple brandy,Gin,,,,,,,,,,2.0,2.0,1.0,0.0,0.0,0.0,0.0,0.0,0.0,0.0,0.0,0.0,41
11052,Archbishop,Gin,Wine,Benedictine,Lime,,,,,,,,,2.0,1.0,0.167,0.0,0.0,0.0,0.0,0.0,0.0,0.0,0.0,0.0,25
11106,Blackthorn,Sweet Vermouth,Sloe gin,Lemon peel,,,,,,,,,,1.0,1.5,0.0,0.0,0.0,0.0,0.0,0.0,0.0,0.0,0.0,0.0,45
11202,Caipirinha,Sugar,Lime,Cachaca,,,,,,,,,,0.334,0.0,2.5,0.0,0.0,0.0,0.0,0.0,0.0,0.0,0.0,0.0,0
11239,Cherry Rum,Light rum,Cherry brandy,Light cream,,,,,,,,,,1.25,0.2505,0.5,0.0,0.0,0.0,0.0,0.0,0.0,0.0,0.0,0.0,34
11288,Cuba Libre,Light rum,Lime,Coca-Cola,,,,,,,,,,2.0,2.0,0.0,0.0,0.0,0.0,0.0,0.0,0.0,0.0,0.0,0.0,23
11407,Gin Cooler,Gin,Carbonated water,Powdered sugar,Orange spiral,Lemon peel,,,,,,,,2.0,0.0,0.0,0.0,0.0,0.0,0.0,0.0,0.0,0.0,0.0,0.0,37
11418,Gin Squirt,Gin,Grenadine,Powdered sugar,Pineapple,Strawberries,Carbonated water,,,,,,,1.5,0.167,0.5,0.0,0.0,0.0,0.0,0.0,0.0,0.0,0.0,0.0,25
12055,Royal Fizz,Gin,Sweet and sour,Egg,Coca-Cola,,,,,,,,,1.0,2.0,0.0,0.0,0.0,0.0,0.0,0.0,0.0,0.0,0.0,0.0,12
12071,Rum Cooler,Rum,Lemon-lime soda,Lemon,,,,,,,,,,2.0,4.0,0.0,0.0,0.0,0.0,0.0,0.0,0.0,0.0,0.0,0.0,15
12101,Rusty Nail,Scotch,Drambuie,Lemon peel,,,,,,,,,,1.5,2.0,0.0,0.0,0.0,0.0,0.0,0.0,0.0,0.0,0.0,0.0,22
12308,Stone Sour,Apricot brandy,Orange juice,Sweet and sour,,,,,,,,,,1.0,1.0,1.0,0.0,0.0,0.0,0.0,0.0,0.0,0.0,0.0,0.0,14
12518,Whisky Mac,Scotch,Wine,,,,,,,,,,,1.5,1.0,0.0,0.0,0.0,0.0,0.0,0.0,0.0,0.0,0.0,0.0,0
12752,Lemon Shot,Galliano,Absolut Citron,Lemon,Sugar,151 proof rum,,,,,,,,2.0,2.0,0.0,0.0,0.0,0.0,0.0,0.0,0.0,0.0,0.0,0.0,17
12910,Egg Nog #4,Egg yolk,Sugar,Milk,Light rum,Bourbon,Vanilla extract,Salt,Whipping cream,Egg white,Sugar,Nutmeg,,0.0,32.0,16.0,16.0,16.0,0.167,0.668,8.0,0.0,32.0,0.0,0.0,14
13058,Wine Punch,Red wine,Lemon,Orange juice,Orange,Pineapple juice,,,,,,,,12.0,0.0,8.0,0.0,8.0,0.0,0.0,0.0,0.0,0.0,0.0,0.0,0
13196,Long vodka,Vodka,Lime,Angostura bitters,Tonic water,Ice,,,,,,,,1.6900000000000002,0.0,1.0,3.38,0.0,0.0,0.0,0.0,0.0,0.0,0.0,0.0,11
13198,Quick F**K,Kahlua,Midori melon liqueur,Baileys irish cream,,,,,,,,,,1.5,1.5,1.5,0.0,0.0,0.0,0.0,0.0,0.0,0.0,0.0,0.0,35
13214,Pisco Sour,Pisco,Lemon juice,Sugar,Ice,Egg White,,,,,,,,2.0,1.0,1.0,0.0,0.0,0.0,0.0,0.0,0.0,0.0,0.0,0.0,0
13377,Sea breeze,Vodka,Cranberry juice,Grapefruit juice,,,,,,,,,,1.5,4.0,1.0,0.0,0.0,0.0,0.0,0.0,0.0,0.0,0.0,0.0,9
13395,Bob Marley,Midori melon liqueur,Jägermeister,Goldschlager,,,,,,,,,,2.0,2.0,2.0,0.0,0.0,0.0,0.0,0.0,0.0,0.0,0.0,0.0,30
13751,Cuba Libra,Dark rum,Lime,Coca-Cola,Ice,,,,,,,,,3.0,0.0,0.0,0.0,0.0,0.0,0.0,0.0,0.0,0.0,0.0,0.0,47
13775,Jelly Bean,Blackberry brandy,Anis,,,,,,,,,,,1.0,1.0,0.0,0.0,0.0,0.0,0.0,0.0,0.0,0.0,0.0,0.0,21
13807,After Five,Peppermint schnapps,Kahlua,Baileys irish cream,,,,,,,,,,0.0,0.0,0.0,0.0,0.0,0.0,0.0,0.0,0.0,0.0,0.0,0.0,0
13837,Kir Royale,Creme de Cassis,Champagne,,,,,,,,,,,1.5,7.5,0.0,0.0,0.0,0.0,0.0,0.0,0.0,0.0,0.0,0.0,13
13847,Jackhammer,Jack Daniels,Amaretto,,,,,,,,,,,1.0,1.0,0.0,0.0,0.0,0.0,0.0,0.0,0.0,0.0,0.0,0.0,14
13899,3 Wise Men,Jack Daniels,Johnnie Walker,Jim Beam,,,,,,,,,,3.0,3.0,3.0,0.0,0.0,0.0,0.0,0.0,0.0,0.0,0.0,0.0,0
13936,Miami Vice,151 proof rum,Pina colada mix,Daiquiri mix,,,,,,,,,,5.0,0.0,0.0,0.0,0.0,0.0,0.0,0.0,0.0,0.0,0.0,0.0,47
13940,69 Special,Gin,7-Up,Lemon juice,,,,,,,,,,2.0,4.0,5.0,0.0,0.0,0.0,0.0,0.0,0.0,0.0,0.0,0.0,6
14181,Cafe Savoy,Coffee,Milk,Triple sec,Brandy,,,,,,,,,0.0,2.0,2.0,0.0,0.0,0.0,0.0,0.0,0.0,0.0,0.0,0.0,15
14366,Lemon Drop,Absolut Vodka,Cointreau,Lemon,,,,,,,,,,2.25,2.25,1.0,0.0,0.0,0.0,0.0,0.0,0.0,0.0,0.0,0.0,33
14456,Kurant Tea,Absolut Kurant,Tea,Sugar,,,,,,,,,,1.352,0.0,0.0,0.0,0.0,0.0,0.0,0.0,0.0,0.0,0.0,0.0,0
14538,Bumble Bee,Baileys irish cream,Kahlua,Sambuca,,,,,,,,,,3.0,3.0,3.0,0.0,0.0,0.0,0.0,0.0,0.0,0.0,0.0,0.0,33
14608,Cream Soda,Spiced rum,Ginger ale,,,,,,,,,,,1.0,0.0,0.0,0.0,0.0,0.0,0.0,0.0,0.0,0.0,0.0,0.0,47
14730,Bubble Gum,Vodka,Banana liqueur,Orange juice,Peach schnapps,,,,,,,,,0.0,0.0,0.0,0.0,0.0,0.0,0.0,0.0,0.0,0.0,0.0,0.0,0
14752,Kiwi Lemon,Kiwi liqueur,Bitter lemon,Ice,,,,,,,,,,1.5,3.0,0.0,0.0,0.0,0.0,0.0,0.0,0.0,0.0,0.0,0.0,0
15006,Turkeyball,Wild Turkey,Amaretto,Pineapple juice,,,,,,,,,,1.0,4.0,0.5,0.0,0.0,0.0,0.0,0.0,0.0,0.0,0.0,0.0,20
15254,Zenmeister,Jägermeister,Root beer,,,,,,,,,,,2.0,2.0,0.0,0.0,0.0,0.0,0.0,0.0,0.0,0.0,0.0,0.0,0
15427,Grand Blue,Malibu rum,Peach schnapps,Blue Curacao,Sweet and sour,,,,,,,,,0.507,0.507,0.507,1.014,0.0,0.0,0.0,0.0,0.0,0.0,0.0,0.0,30
15761,Quick-sand,Black Sambuca,Orange juice,,,,,,,,,,,0.16899999999999998,0.0,0.0,0.0,0.0,0.0,0.0,0.0,0.0,0.0,0.0,0.0,40
16041,Mudslinger,Southern Comfort,Orange juice,Pepsi Cola,,,,,,,,,,0.0,33.8,0.0,0.0,0.0,0.0,0.0,0.0,0.0,0.0,0.0,0.0,0
16196,Moranguito,Absinthe,Tequila,Grenadine,,,,,,,,,,0.0,0.0,0.0,0.0,0.0,0.0,0.0,0.0,0.0,0.0,0.0,0.0,0
16250,Rum Runner,Malibu rum,Blackberry brandy,Orange juice,Pineapple juice,Cranberry juice,,,,,,,,1.5,1.0,4.0,4.0,4.0,0.0,0.0,0.0,0.0,0.0,0.0,0.0,10
16942,Zipperhead,Chambord raspberry liqueur,Vodka,Soda water,,,,,,,,,,1.5,1.5,0.0,0.0,0.0,0.0,0.0,0.0,0.0,0.0,0.0,0.0,29
16967,Vodka Fizz,Vodka,Half-and-half,Limeade,Ice,Nutmeg,,,,,,,,2.0,2.0,2.0,0.0,0.0,0.0,0.0,0.0,0.0,0.0,0.0,0.0,14
16986,Bible Belt,Southern Comfort,Triple sec,Lime,Sour mix,,,,,,,,,2.0,2.0,0.0,2.0,0.0,0.0,0.0,0.0,0.0,0.0,0.0,0.0,21
17120,Brain Fart,Everclear,Vodka,Mountain Dew,Surge,Lemon juice,Rum,,,,,,,25.5,25.5,67.6,67.6,0.0,16.0,0.0,0.0,0.0,0.0,0.0,0.0,19
17192,Porto flip,Brandy,Port,Egg Yolk,,,,,,,,,,4.5,13.5,3.0,0.0,0.0,0.0,0.0,0.0,0.0,0.0,0.0,0.0,9
17194,White Lady,Gin,Triple Sec,Lemon Juice,,,,,,,,,,0.0,0.0,0.0,0.0,0.0,0.0,0.0,0.0,0.0,0.0,0.0,0.0,0
17206,Mint Julep,Mint,Bourbon,Powdered sugar,Water,,,,,,,,,0.0,2.5,0.167,0.334,0.0,0.0,0.0,0.0,0.0,0.0,0.0,0.0,54
17226,Adam & Eve,Gin,Cognac,Creme de Cassis,Fresh Lemon Juice,,,,,,,,,1.5,1.5,1.5,12.0,0.0,0.0,0.0,0.0,0.0,0.0,0.0,0.0,8
17230,Gin Rickey,Gin,Grenadine,lemon,Soda Water,Lime,,,,,,,,2.0,0.167,2.0,0.0,0.0,0.0,0.0,0.0,0.0,0.0,0.0,0.0,17
17256,Martinez 2,Gin,Sweet Vermouth,Maraschino Liqueur,Angostura Bitters,,,,,,,,,1.5,1.5,0.167,0.5,0.0,0.0,0.0,0.0,0.0,0.0,0.0,0.0,24
17829,Penicillin,Blended Scotch,Lemon Juice,Honey syrup,Ginger Syrup,Islay single malt Scotch,,,,,,,,2.0,4.0,0.334,0.334,4.0,0.0,0.0,0.0,0.0,0.0,0.0,0.0,1
17830,Corn n Oil,Lime,Falernum,Angostura Bitters,Añejo rum,blackstrap rum,,,,,,,,0.0,3.0,0.5,1.0,1.0,0.0,0.0,0.0,0.0,0.0,0.0,0.0,17
178319,Aquamarine,Hpnotiq,Pineapple Juice,Banana Liqueur,,,,,,,,,,2.0,1.0,1.0,0.0,0.0,0.0,0.0,0.0,0.0,0.0,0.0,0.0,9
11113,Bloody Mary,Vodka,Tomato juice,Lemon juice,Worcestershire sauce,Tabasco sauce,Lime,,,,,,,1.5,3.0,0.25,0.334,0.03,0.0,0.0,0.0,0.0,0.0,0.0,0.0,12
11117,Blue Lagoon,Vodka,Blue Curacao,Lemonade,Cherry,,,,,,,,,1.0,1.0,0.0,0.0,0.0,0.0,0.0,0.0,0.0,0.0,0.0,0.0,51
11129,Boston Sour,Blended whiskey,Lemon,Powdered sugar,Egg white,Lemon,Cherry,,,,,,,2.0,2.0,0.167,0.0,0.0,0.0,0.0,0.0,0.0,0.0,0.0,0.0,22
11164,Brandy Flip,Brandy,Egg,Sugar,Light cream,Nutmeg,,,,,,,,2.0,0.0,0.167,2.0,1.336,0.0,0.0,0.0,0.0,0.0,0.0,0.0,15
11170,Brandy Sour,Brandy,Lemon,Powdered sugar,Lemon,Cherry,,,,,,,,2.0,2.0,0.334,0.0,0.0,0.0,0.0,0.0,0.0,0.0,0.0,0.0,19
11222,Casa Blanca,Light rum,Triple sec,Lime juice,Maraschino liqueur,,,,,,,,,2.0,0.2505,0.2505,0.2505,0.0,0.0,0.0,0.0,0.0,0.0,0.0,0.0,40
11324,Dry Rob Roy,Scotch,Dry Vermouth,Lemon peel,,,,,,,,,,2.5,0.2505,0.0,0.0,0.0,0.0,0.0,0.0,0.0,0.0,0.0,0.0,1
11382,Frisco Sour,Blended whiskey,Benedictine,Lemon,Lime,Lemon,Lime,,,,,,,2.0,2.0,4.0,2.0,0.0,0.0,0.0,0.0,0.0,0.0,0.0,0.0,17
11419,Gin Swizzle,Lime juice,Sugar,Gin,Bitters,Club soda,,,,,,,,1.5,0.167,2.0,0.25,3.0,0.0,0.0,0.0,0.0,0.0,0.0,0.0,10
11433,Grass Skirt,Gin,Triple sec,Pineapple juice,Grenadine,Pineapple,,,,,,,,1.5,1.0,1.0,0.334,0.0,0.0,0.0,0.0,0.0,0.0,0.0,0.0,22
11658,Loch Lomond,Scotch,Drambuie,Dry Vermouth,Lemon peel,,,,,,,,,2.0,2.0,2.0,0.0,0.0,0.0,0.0,0.0,0.0,0.0,0.0,0.0,19
11662,London Town,Gin,Maraschino liqueur,Orange bitters,,,,,,,,,,1.5,2.0,0.5,0.0,0.0,0.0,0.0,0.0,0.0,0.0,0.0,0.0,33
12067,Rum Cobbler,Sugar,Club soda,Lemon,Dark rum,Maraschino cherry,Orange,,,,,,,0.167,3.0,0.0,2.0,0.0,0.0,0.0,0.0,0.0,0.0,0.0,0.0,18
12158,Scotch Sour,Scotch,Lime,Powdered sugar,Lemon,Cherry,,,,,,,,1.5,2.0,0.334,0.0,0.0,0.0,0.0,0.0,0.0,0.0,0.0,0.0,0
12162,Screwdriver,Vodka,Orange juice,,,,,,,,,,,2.0,0.0,0.0,0.0,0.0,0.0,0.0,0.0,0.0,0.0,0.0,0.0,42
12190,Sherry Flip,Sherry,Light cream,Powdered sugar,Egg,Nutmeg,,,,,,,,1.5,0.334,0.167,0.0,0.0,0.0,0.0,0.0,0.0,0.0,0.0,0.0,0
12402,Tom Collins,Gin,Lemon juice,Sugar,Club soda,Maraschino cherry,Orange,,,,,,,2.0,1.0,0.167,3.0,0.0,0.0,0.0,0.0,0.0,0.0,0.0,0.0,11
12674,Fruit Shake,Yoghurt,Banana,Orange juice,Fruit,Ice,,,,,,,,8.0,0.0,4.0,0.0,0.0,0.0,0.0,0.0,0.0,0.0,0.0,0.0,0
12692,Lassi Khara,Yoghurt,Water,Salt,Asafoetida,,,,,,,,,8.0,16.0,0.167,0.0,0.0,0.0,0.0,0.0,0.0,0.0,0.0,0.0,0
12694,Lassi Raita,Yoghurt,Ice,Sugar,Lime,Salt,,,,,,,,16.0,0.0,0.0,0.0,0.0,0.0,0.0,0.0,0.0,0.0,0.0,0.0,0
12702,Lemouroudji,Ginger,Water,Lemon,Sugar,Cayenne pepper,,,,,,,,0.0,124.0,16.0,8.0,0.0,0.0,0.0,0.0,0.0,0.0,0.0,0.0,0
12726,Tomato Tang,Tomato juice,Lemon juice,Celery salt,,,,,,,,,,16.0,1.0,0.25,0.0,0.0,0.0,0.0,0.0,0.0,0.0,0.0,0.0,0
12770,Iced Coffee,Coffee,Sugar,Water,Milk,,,,,,,,,32.0,32.0,32.0,32.0,0.0,0.0,0.0,0.0,0.0,0.0,0.0,0.0,0
12774,Masala Chai,Water,Tea,Ginger,Cardamom,Cloves,Cinnamon,Black pepper,Sugar,Milk,,,,16.0,0.668,0.0,0.0,0.0,0.0,0.0,0.0,0.0,0.0,0.0,0.0,0
12782,Thai Coffee,Coffee,Coriander,Cardamom,Sugar,Whipping cream,Ice,,,,,,,3.0,0.668,0.0,0.0,0.0,0.0,0.0,0.0,0.0,0.0,0.0,0.0,0
12790,Absinthe #2,Vodka,Sugar,Anise,Licorice root,Wormwood,,,,,,,,12.0,0.0,0.0,0.5,0.0,0.0,0.0,0.0,0.0,0.0,0.0,0.0,40
12820,Irish Cream,Scotch,Half-and-half,Condensed milk,Coconut syrup,Chocolate syrup,,,,,,,,8.0,10.0,12.0,0.03,0.5,0.0,0.0,0.0,0.0,0.0,0.0,0.0,0
17186,Clover Club,Gin,Grenadine,Lemon,Egg white,,,,,,,,,1.5,0.334,2.0,0.0,0.0,0.0,0.0,0.0,0.0,0.0,0.0,0.0,14
12988,Mulled Wine,Water,Sugar,Cloves,Cinnamon,Lemon peel,Red wine,Brandy,,,,,,24.0,8.0,0.0,0.0,0.0,0.0,32.0,0.0,0.0,0.0,0.0,0.0,21
13056,Wine Cooler,Red wine,Lemon-lime soda,Ice,,,,,,,,,,2.0,5.0,0.0,0.0,0.0,0.0,0.0,0.0,0.0,0.0,0.0,0.0,0
11009,Moscow Mule,Vodka,Lime juice,Ginger ale,,,,,,,,,,2.0,2.0,8.0,0.0,0.0,0.0,0.0,0.0,0.0,0.0,0.0,0.0,31
13282,Black & Tan,Ale,Guinness stout,,,,,,,,,,,1.5,1.5,0.0,0.0,0.0,0.0,0.0,0.0,0.0,0.0,0.0,0.0,0
13405,Brainteaser,Sambuca,Erin Cream,Advocaat,,,,,,,,,,0.0,0.0,0.16899999999999998,0.0,0.0,0.0,0.0,0.0,0.0,0.0,0.0,0.0,17
14087,Red Snapper,Crown Royal,Amaretto,Cranberry juice,,,,,,,,,,1.5,1.5,1.5,0.0,0.0,0.0,0.0,0.0,0.0,0.0,0.0,0.0,9
14209,Mocha-Berry,Coffee,Chambord raspberry liqueur,Cocoa powder,Whipped cream,,,,,,,,,6.0,2.0,1.0,0.0,0.0,0.0,0.0,0.0,0.0,0.0,0.0,0.0,3
14360,Absolut Sex,Absolut Kurant,Midori melon liqueur,Cranberry juice,Sprite,,,,,,,,,4.0,4.0,1.0,0.5,0.0,0.0,0.0,0.0,0.0,0.0,0.0,0.0,19
14364,Aztec Punch,Lemonade,Vodka,Rum,Ginger ale,,,,,,,,,12.0,5.0,7.0,0.0,0.0,0.0,0.0,0.0,0.0,0.0,0.0,0.0,22
14622,Arctic Fish,Vodka,Grape soda,Orange juice,Ice,Candy,,,,,,,,4.5,4.5,4.5,0.0,0.25,0.0,0.0,0.0,0.0,0.0,0.0,0.0,13
14642,Grim Reaper,Kahlua,151 proof rum,Grenadine,,,,,,,,,,1.0,1.0,0.25,0.0,0.0,0.0,0.0,0.0,0.0,0.0,0.0,0.0,32
14956,Jello shots,Vodka,Jello,Water,,,,,,,,,,16.0,3.0,24.0,0.0,0.0,0.0,0.0,0.0,0.0,0.0,0.0,0.0,15
15082,Royal Flush,Crown Royal,Peach schnapps,Chambord raspberry liqueur,Cranberry juice,,,,,,,,,1.5,1.0,2.0,1.0,0.0,0.0,0.0,0.0,0.0,0.0,0.0,0.0,10
15346,155 Belmont,Dark rum,Light rum,Vodka,Orange juice,,,,,,,,,1.5,3.0,1.5,1.5,0.0,0.0,0.0,0.0,0.0,0.0,0.0,0.0,36
15511,Baby Eskimo,Kahlua,Milk,Vanilla ice-cream,,,,,,,,,,2.0,8.0,4.0,0.0,0.0,0.0,0.0,0.0,0.0,0.0,0.0,0.0,3
15639,Texas Sling,Kahlua,Irish cream,Amaretto,151 proof rum,Cream,,,,,,,,2.0,2.0,2.0,2.0,1.0,0.0,0.0,0.0,0.0,0.0,0.0,0.0,26
16108,9 1/2 Weeks,Absolut Citron,Orange Curacao,Strawberry liqueur,Orange juice,,,,,,,,,2.0,2.0,0.5,1.0,0.0,0.0,0.0,0.0,0.0,0.0,0.0,0.0,10
16990,Sweet Tooth,Godiva liqueur,Milk,,,,,,,,,,,3.0,0.0,0.0,0.0,0.0,0.0,0.0,0.0,0.0,0.0,0.0,0.0,0
16995,Orange Whip,Orange juice,Rum,Vodka,Cream,Ice,,,,,,,,4.0,1.0,1.0,1.0,0.0,0.0,0.0,0.0,0.0,0.0,0.0,0.0,12
17122,Royal Bitch,Frangelico,Crown Royal,,,,,,,,,,,1.5,1.5,0.0,0.0,0.0,0.0,0.0,0.0,0.0,0.0,0.0,0.0,12
17135,Citrus Coke,Bacardi Limon,Coca-Cola,,,,,,,,,,,1.5,3.0,0.0,0.0,0.0,0.0,0.0,0.0,0.0,0.0,0.0,0.0,0
17220,Butter Baby,Vanilla Ice-Cream,Butterscotch schnapps,Milk,Vodka,,,,,,,,,4.0,1.5,0.0,3.0,0.0,0.0,0.0,0.0,0.0,0.0,0.0,0.0,14
17200,Grasshopper,Green Creme de Menthe,Creme de Cacao,Light cream,,,,,,,,,,4.0,4.0,4.0,0.0,0.0,0.0,0.0,0.0,0.0,0.0,0.0,0.0,16
17207,Pina Colada,Light rum,Coconut milk,Pineapple,,,,,,,,,,3.0,1.5,1.5,0.0,0.0,0.0,0.0,0.0,0.0,0.0,0.0,0.0,23
17219,Yellow Bird,White Rum,Galliano,Triple Sec,Lime Juice,,,,,,,,,1.014,1.6900000000000002,1.6900000000000002,1.6900000000000002,0.0,0.0,0.0,0.0,0.0,0.0,0.0,0.0,25
17267,Bahama Mama,Rum,Dark Rum,Banana liqueur,Grenadine,Pineapple Juice,Orange Juice,Sweet and Sour,,,,,,4.5,1.5,1.5,1.5,3.0,3.0,1.5,0.0,0.0,0.0,0.0,0.0,17
11005,Dry Martini,Gin,Dry Vermouth,Olive,,,,,,,,,,1.6600000000000001,3.0,0.0,0.0,0.0,0.0,0.0,0.0,0.0,0.0,0.0,0.0,25
178315,Munich Mule,Gin,Lime Juice,Ginger Beer,Cucumber,lemon,,,,,,,,1.6900000000000002,0.676,0.0,0.0,0.0,0.0,0.0,0.0,0.0,0.0,0.0,0.0,26
178317,Bee's Knees,Gold rum,Orange Juice,Lime Juice,Triple Sec,,,,,,,,,2.028,0.676,0.676,3.0,0.0,0.0,0.0,0.0,0.0,0.0,0.0,0.0,29
178344,Figgy Thyme,Vodka,Honey,Figs,Thyme,Angostura Bitters,Tonic Water,,,,,,,2.0,0.167,0.0,0.0,0.5,0.0,0.0,0.0,0.0,0.0,0.0,0.0,31
178347,Winter Rita,Tequila,Campari,Lime Juice,Orange Juice,Rosemary Syrup,Salt,,,,,,,1.6600000000000001,4.0,4.0,2.0,2.0,0.0,0.0,0.0,0.0,0.0,0.0,0.0,5
11029,Amaretto Tea,Tea,Amaretto,Whipped cream,,,,,,,,,,6.0,2.0,0.0,0.0,0.0,0.0,0.0,0.0,0.0,0.0,0.0,0.0,7
11050,Apricot Lady,Light rum,Apricot brandy,Triple sec,Lemon juice,Egg white,Orange,,,,,,,1.5,1.0,0.167,2.0,0.0,0.0,0.0,0.0,0.0,0.0,0.0,0.0,25
11112,Bloody Maria,Tequila,Tomato juice,Lemon juice,Tabasco sauce,Celery salt,Lemon,,,,,,,1.0,2.0,0.25,0.25,0.25,0.0,0.0,0.0,0.0,0.0,0.0,0.0,12
11147,Bourbon Sour,Bourbon,Lemon juice,Sugar,Orange,Maraschino cherry,,,,,,,,2.0,1.0,0.334,0.0,0.0,0.0,0.0,0.0,0.0,0.0,0.0,0.0,38
11242,Chicago Fizz,Light rum,Port,Lemon,Powdered sugar,Egg white,Carbonated water,,,,,,,1.0,1.0,2.0,0.167,0.0,0.0,0.0,0.0,0.0,0.0,0.0,0.0,11
11251,City Slicker,Brandy,Triple sec,Lemon juice,,,,,,,,,,2.0,2.0,0.5,0.0,0.0,0.0,0.0,0.0,0.0,0.0,0.0,0.0,32
11528,Irish Spring,Irish whiskey,Peach brandy,Orange juice,Sweet and sour,Orange,Cherry,,,,,,,1.0,2.0,1.0,1.0,0.0,0.0,0.0,0.0,0.0,0.0,0.0,0.0,26
11580,John Collins,Bourbon,Lemon juice,Sugar,Club soda,Maraschino cherry,Orange,,,,,,,2.0,1.0,0.167,3.0,0.0,0.0,0.0,0.0,0.0,0.0,0.0,0.0,21
11870,Orange Oasis,Cherry brandy,Gin,Orange juice,Ginger ale,,,,,,,,,2.0,1.5,4.0,0.0,0.0,0.0,0.0,0.0,0.0,0.0,0.0,0.0,18
12256,Sol Y Sombra,Brandy,Anisette,,,,,,,,,,,1.5,1.5,0.0,0.0,0.0,0.0,0.0,0.0,0.0,0.0,0.0,0.0,36
12362,Tequila Fizz,Tequila,Lemon juice,Grenadine,Egg white,Ginger ale,,,,,,,,2.0,0.5,4.0,0.0,0.0,0.0,0.0,0.0,0.0,0.0,0.0,0.0,13
12370,Tequila Sour,Tequila,Lemon,Powdered sugar,Lemon,Cherry,,,,,,,,2.0,2.0,0.167,0.0,0.0,0.0,0.0,0.0,0.0,0.0,0.0,0.0,21
11004,Whiskey Sour,Blended whiskey,Lemon,Powdered sugar,Cherry,Lemon,,,,,,,,2.0,2.0,0.334,0.0,0.0,0.0,0.0,0.0,0.0,0.0,0.0,0.0,21
12564,Apple Karate,Apple juice,Carrot,,,,,,,,,,,16.0,0.0,0.0,0.0,0.0,0.0,0.0,0.0,0.0,0.0,0.0,0.0,0
12670,Fruit Cooler,Apple juice,Strawberries,Sugar,Lemon,Apple,Soda water,Ice,,,,,,12.0,8.0,1.0,0.0,0.0,33.8,0.0,0.0,0.0,0.0,0.0,0.0,0
12762,Grizzly Bear,Amaretto,Jägermeister,Kahlua,Milk,,,,,,,,,1.5,1.5,1.5,3.75,0.0,0.0,0.0,0.0,0.0,0.0,0.0,0.0,10
12800,Coffee-Vodka,Water,Sugar,Coffee,Vanilla,Vodka,Caramel coloring,,,,,,,16.0,16.0,16.0,0.0,12.0,0.0,0.0,0.0,0.0,0.0,0.0,0.0,8
12876,Berry Deadly,Everclear,Wine,Orange juice,Kool-Aid,,,,,,,,,32.0,12.0,248.0,124.0,0.0,0.0,0.0,0.0,0.0,0.0,0.0,0.0,6
13066,Bruce's Puce,Grenadine,Kahlua,Baileys irish cream,,,,,,,,,,0.0,0.0,0.0,0.0,0.0,0.0,0.0,0.0,0.0,0.0,0.0,0.0,0
13206,Caipirissima,Lime,Sugar,White rum,Ice,,,,,,,,,0.0,1.0,3.0,0.0,0.0,0.0,0.0,0.0,0.0,0.0,0.0,0.0,35
13423,Atlantic Sun,Vodka,Southern Comfort,Passion fruit syrup,Sweet and sour,Club soda,,,,,,,,0.676,0.676,0.676,2.028,0.25,0.0,0.0,0.0,0.0,0.0,0.0,0.0,12
13497,Green Goblin,Cider,Lager,Blue Curacao,,,,,,,,,,32.0,32.0,1.5,0.0,0.0,0.0,0.0,0.0,0.0,0.0,0.0,0.0,1
13971,Irish Coffee,Irish whiskey,Coffee,Sugar,Whipped cream,,,,,,,,,1.5,8.0,0.167,0.5,0.0,0.0,0.0,0.0,0.0,0.0,0.0,0.0,6
14071,Belgian Blue,Vodka,Coconut liqueur,Blue Curacao,Sprite,,,,,,,,,0.676,0.338,0.338,0.0,0.0,0.0,0.0,0.0,0.0,0.0,0.0,0.0,36
14095,Jamaica Kiss,Coffee liqueur,Light rum,Ice,Milk,,,,,,,,,1.5,1.5,0.0,0.0,0.0,0.0,0.0,0.0,0.0,0.0,0.0,0.0,23
14466,Dirty Nipple,Kahlua,Sambuca,Baileys irish cream,,,,,,,,,,0.0,0.0,0.0,0.0,0.0,0.0,0.0,0.0,0.0,0.0,0.0,0.0,0
14860,Talos Coffee,Grand Marnier,Coffee,,,,,,,,,,,4.5,1.5,0.0,0.0,0.0,0.0,0.0,0.0,0.0,0.0,0.0,0.0,30
15330,Orange Crush,Vodka,Triple sec,Orange juice,,,,,,,,,,1.0,1.0,1.0,0.0,0.0,0.0,0.0,0.0,0.0,0.0,0.0,0.0,24
15515,Tennesee Mud,Coffee,Jack Daniels,Amaretto,Whipped cream,,,,,,,,,8.0,4.0,4.0,0.0,0.0,0.0,0.0,0.0,0.0,0.0,0.0,0.0,7
15567,Adam Sunrise,Vodka,Lemonade,Water,Sugar,,,,,,,,,0.0,24.0,0.0,0.0,0.0,0.0,0.0,0.0,0.0,0.0,0.0,0.0,0
15813,Herbal flame,Hot Damn,Tea,,,,,,,,,,,7.5,0.0,0.0,0.0,0.0,0.0,0.0,0.0,0.0,0.0,0.0,0.0,0
15841,Mojito Extra,Mint,Lemon juice,Dark rum,Club soda,Angostura bitters,,,,,,,,2.0,1.014,270.4,270.4,0.08,0.0,0.0,0.0,0.0,0.0,0.0,0.0,23
16047,Campari Beer,Lager,Campari,,,,,,,,,,,12.0,0.507,0.0,0.0,0.0,0.0,0.0,0.0,0.0,0.0,0.0,0.0,0
16273,Shark Attack,Lemonade,Water,Vodka,,,,,,,,,,12.0,36.0,12.0,0.0,0.0,0.0,0.0,0.0,0.0,0.0,0.0,0.0,8
16289,Apple Grande,Tequila,Apple cider,,,,,,,,,,,3.0,2.0,0.0,0.0,0.0,0.0,0.0,0.0,0.0,0.0,0.0,0.0,27
16951,Kioki Coffee,Kahlua,Brandy,Coffee,,,,,,,,,,1.0,2.0,0.0,0.0,0.0,0.0,0.0,0.0,0.0,0.0,0.0,0.0,37
16992,Pink Penocha,Everclear,Vodka,Peach schnapps,Orange juice,Cranberry juice,,,,,,,,0.0,0.0,0.0,124.0,124.0,0.0,0.0,0.0,0.0,0.0,0.0,0.0,0
17027,Zima Blaster,Zima,Chambord raspberry liqueur,,,,,,,,,,,2.0,3.0,0.0,0.0,0.0,0.0,0.0,0.0,0.0,0.0,0.0,0.0,10
17066,Army special,Vodka,Gin,Lime juice cordial,Ice,,,,,,,,,0.0,0.0,0.16899999999999998,0.0,0.0,0.0,0.0,0.0,0.0,0.0,0.0,0.0,0
17114,Ruby Tuesday,Gin,Cranberry juice,Grenadine,,,,,,,,,,2.0,5.0,1.0,0.0,0.0,0.0,0.0,0.0,0.0,0.0,0.0,0.0,9
17189,Monkey Gland,Gin,Benedictine,Orange juice,Grenadine,,,,,,,,,2.0,0.167,2.0,0.167,0.0,0.0,0.0,0.0,0.0,0.0,0.0,0.0,18
17196,Cosmopolitan,Absolut Citron,Lime juice,Cointreau,Cranberry juice,,,,,,,,,1.25,4.0,4.0,32.0,0.0,0.0,0.0,0.0,0.0,0.0,0.0,0.0,3
17199,Golden dream,Galliano,Triple Sec,orange juice,Cream,,,,,,,,,3.0,3.0,3.0,1.5,0.0,0.0,0.0,0.0,0.0,0.0,0.0,0.0,18
17202,Horse's Neck,Lemon peel,Brandy,Ginger ale,Bitters,,,,,,,,,0.0,2.0,5.0,0.5,0.0,0.0,0.0,0.0,0.0,0.0,0.0,0.0,35
17251,Boulevardier,Campari,Sweet Vermouth,Rye whiskey,Orange Peel,,,,,,,,,1.0,1.0,1.25,0.0,0.0,0.0,0.0,0.0,0.0,0.0,0.0,0.0,23
178312,Bloody Punch,Vodka,Strawberries,Lime Juice,Lemon-lime soda,Lemon-lime soda,Raisins,Blueberries,,,,,,0.0,24.0,16.0,2.0,2.0,8.0,8.0,0.0,0.0,0.0,0.0,0.0,0
178338,Pure Passion,Rum,Passoa,Lime Juice,Passion fruit syrup,Peach Bitters,Mint,,,,,,,0.0,0.0,0.0,0.16899999999999998,0.0,0.0,0.0,0.0,0.0,0.0,0.0,0.0,0
178342,Gin and Soda,Gin,Soda Water,Lime,,,,,,,,,,2.0,5.0,0.0,0.0,0.0,0.0,0.0,0.0,0.0,0.0,0.0,0.0,10
11026,Amaretto Mist,Amaretto,Lime,,,,,,,,,,,1.5,0.0,0.0,0.0,0.0,0.0,0.0,0.0,0.0,0.0,0.0,0.0,28
11027,Amaretto Rose,Amaretto,Lime juice,Club soda,,,,,,,,,,1.5,2.0,0.0,0.0,0.0,0.0,0.0,0.0,0.0,0.0,0.0,0.0,12
11053,Arise My Love,Champagne,Green Creme de Menthe,,,,,,,,,,,0.0,0.167,0.0,0.0,0.0,0.0,0.0,0.0,0.0,0.0,0.0,0.0,24
11102,Black Russian,Coffee liqueur,Vodka,,,,,,,,,,,4.0,1.5,0.0,0.0,0.0,0.0,0.0,0.0,0.0,0.0,0.0,0.0,11
11001,Old Fashioned,Bourbon,Angostura bitters,Sugar,Water,,,,,,,,,1.6900000000000002,0.5,0.5,0.0,0.0,0.0,0.0,0.0,0.0,0.0,0.0,0.0,40
11119,Blue Mountain,Añejo rum,Tia maria,Vodka,Orange juice,Lemon juice,,,,,,,,1.5,2.0,2.0,1.0,0.167,0.0,0.0,0.0,0.0,0.0,0.0,0.0,31
11146,Bourbon Sling,Sugar,Water,Lemon juice,Bourbon,Lemon peel,,,,,,,,0.167,0.334,1.0,2.0,0.0,0.0,0.0,0.0,0.0,0.0,0.0,0.0,37
11224,Casino Royale,Gin,Lemon juice,Maraschino liqueur,Orange bitters,Egg yolk,,,,,,,,2.0,2.0,0.167,0.25,0.0,0.0,0.0,0.0,0.0,0.0,0.0,0.0,18
11403,Gin And Tonic,Gin,Tonic water,Lime,,,,,,,,,,2.0,5.0,0.0,0.0,0.0,0.0,0.0,0.0,0.0,0.0,0.0,0.0,10
11524,Imperial Fizz,Light rum,Blended whiskey,Lemon,Powdered sugar,Carbonated water,,,,,,,,2.0,1.5,2.0,0.167,0.0,0.0,0.0,0.0,0.0,0.0,0.0,0.0,28
11558,Japanese Fizz,Blended whiskey,Lemon,Powdered sugar,Port,Egg white,Carbonated water,,,,,,,1.5,2.0,0.167,0.5,0.0,0.0,0.0,0.0,0.0,0.0,0.0,0.0,16
11670,Lord And Lady,Dark rum,Tia maria,,,,,,,,,,,1.5,2.0,0.0,0.0,0.0,0.0,0.0,0.0,0.0,0.0,0.0,0.0,35
11798,Monkey Wrench,Light rum,Grapefruit juice,Bitters,,,,,,,,,,1.5,3.0,0.25,0.0,0.0,0.0,0.0,0.0,0.0,0.0,0.0,0.0,14
11844,New York Sour,Blended whiskey,Lemon,Sugar,Red wine,Lemon,Cherry,,,,,,,2.0,2.0,0.167,0.0,0.0,0.0,0.0,0.0,0.0,0.0,0.0,0.0,22
12188,Sherry Eggnog,Sherry,Powdered sugar,Egg,Milk,Nutmeg,,,,,,,,2.0,0.167,0.0,0.0,0.0,0.0,0.0,0.0,0.0,0.0,0.0,0.0,0
12418,Turf Cocktail,Dry Vermouth,Gin,Anis,Bitters,Orange peel,,,,,,,,1.0,1.0,0.668,0.5,0.0,0.0,0.0,0.0,0.0,0.0,0.0,0.0,17
12528,White Russian,Vodka,Coffee liqueur,Light cream,,,,,,,,,,2.0,1.0,0.0,0.0,0.0,0.0,0.0,0.0,0.0,0.0,0.0,0.0,28
12630,Rail Splitter,Sugar syrup,Lemon juice,Ginger ale,,,,,,,,,,0.334,0.0,0.0,0.0,0.0,0.0,0.0,0.0,0.0,0.0,0.0,0.0,0
12696,Lassi - Sweet,Yoghurt,Water,Sugar,Salt,Lemon juice,,,,,,,,8.0,16.0,2.0,0.0,1.0,0.0,0.0,0.0,0.0,0.0,0.0,0.0,0
12698,Lassi - Mango,Mango,Yoghurt,Sugar,Water,,,,,,,,,0.0,16.0,16.0,8.0,0.0,0.0,0.0,0.0,0.0,0.0,0.0,0.0,0
12724,Sweet Bananas,Milk,Banana,Honey,,,,,,,,,,16.0,0.0,0.5,0.0,0.0,0.0,0.0,0.0,0.0,0.0,0.0,0.0,0
12766,Happy Skipper,Spiced rum,Ginger ale,Lime,Ice,,,,,,,,,0.507,0.0,0.0,0.0,0.0,0.0,0.0,0.0,0.0,0.0,0.0,0.0,47
12786,Thai Iced Tea,Tea,Water,Condensed milk,Ice,Mint,,,,,,,,32.0,16.0,0.334,0.0,0.0,0.0,0.0,0.0,0.0,0.0,0.0,0.0,0
13024,Sweet Sangria,Red wine,Sugar,Water,Apple,Orange,Lime,Lemon,Fresca,,,,,24.0,8.0,16.0,8.0,0.0,0.0,0.0,0.0,0.0,0.0,0.0,0.0,0
13072,Popped cherry,Vodka,Cherry liqueur,Cranberry juice,Orange juice,,,,,,,,,2.0,2.0,4.0,4.0,0.0,0.0,0.0,0.0,0.0,0.0,0.0,0.0,7
13086,Atomic Lokade,Lemonade,Vodka,Blue Curacao,Triple sec,Sugar,Ice,,,,,,,5.0,1.0,2.0,2.0,0.0,0.0,0.0,0.0,0.0,0.0,0.0,0.0,22
13190,Kool-Aid Shot,Vodka,Amaretto,Sloe gin,Triple sec,Cranberry juice,,,,,,,,1.5,1.5,1.5,1.5,0.0,0.0,0.0,0.0,0.0,0.0,0.0,0.0,40
13499,Oreo Mudslide,Vodka,Kahlua,Baileys irish cream,Vanilla ice-cream,Oreo cookie,,,,,,,,1.0,1.0,1.0,4.0,0.0,0.0,0.0,0.0,0.0,0.0,0.0,0.0,14
13683,Apple Slammer,7-Up,Apple schnapps,,,,,,,,,,,1.5,1.5,0.0,0.0,0.0,0.0,0.0,0.0,0.0,0.0,0.0,0.0,0
13731,Amaretto Sour,Amaretto,Sour mix,,,,,,,,,,,1.5,3.0,0.0,0.0,0.0,0.0,0.0,0.0,0.0,0.0,0.0,0.0,9
13825,Midnight Manx,Kahlua,Baileys irish cream,Goldschlager,Heavy cream,Coffee,,,,,,,,1.0,1.0,0.0,2.0,2.0,0.0,0.0,0.0,0.0,0.0,0.0,0.0,10
14053,Mother's Milk,Goldschlager,Butterscotch schnapps,Milk,,,,,,,,,,1.0,1.0,1.0,0.0,0.0,0.0,0.0,0.0,0.0,0.0,0.0,0.0,14
14167,Vodka Martini,Vodka,Dry Vermouth,Olive,,,,,,,,,,1.5,4.0,0.0,0.0,0.0,0.0,0.0,0.0,0.0,0.0,0.0,0.0,25
14356,Blind Russian,Baileys irish cream,Godiva liqueur,Kahlua,Butterscotch schnapps,Milk,,,,,,,,4.0,4.0,4.0,2.0,0.0,0.0,0.0,0.0,0.0,0.0,0.0,0.0,17
14688,Freddy Kruger,Jägermeister,Sambuca,Vodka,,,,,,,,,,2.0,2.0,2.0,0.0,0.0,0.0,0.0,0.0,0.0,0.0,0.0,0.0,27
14842,Midnight Mint,Baileys irish cream,White Creme de Menthe,Cream,,,,,,,,,,1.0,4.0,4.0,0.0,0.0,0.0,0.0,0.0,0.0,0.0,0.0,0.0,14
15026,Kiss me Quick,Cranberry vodka,Apfelkorn,Schweppes Russchian,Apple juice,Ice,,,,,,,,1.352,0.676,2.366,2.704,0.0,0.0,0.0,0.0,0.0,0.0,0.0,0.0,8
15086,Limona Corona,Corona,Bacardi Limon,,,,,,,,,,,12.0,1.0,0.0,0.0,0.0,0.0,0.0,0.0,0.0,0.0,0.0,0.0,0
15184,San Francisco,Vodka,Creme de Banane,Grenadine,Orange juice,,,,,,,,,0.676,0.676,0.0,0.0,0.0,0.0,0.0,0.0,0.0,0.0,0.0,0.0,36
15226,Space Odyssey,151 proof rum,Malibu rum,Pineapple juice,Orange juice,Grenadine,Cherries,,,,,,,1.5,1.5,1.5,0.0,0.0,0.0,0.0,0.0,0.0,0.0,0.0,0.0,39
15403,Vodka Russian,Vodka,Schweppes Russchian,,,,,,,,,,,2.0,0.0,0.0,0.0,0.0,0.0,0.0,0.0,0.0,0.0,0.0,0.0,42
15743,Fuzzy Asshole,Coffee,Peach schnapps,,,,,,,,,,,0.0,0.0,0.0,0.0,0.0,0.0,0.0,0.0,0.0,0.0,0.0,0.0,0
15849,Apricot punch,Apricot brandy,Champagne,Vodka,7-Up,Orange juice,,,,,,,,32.0,102.0,25.5,135.2,248.0,0.0,0.0,0.0,0.0,0.0,0.0,0.0,6
16998,Bruised Heart,Vodka,Chambord raspberry liqueur,Peachtree schnapps,Cranberry juice,,,,,,,,,2.0,2.0,2.0,2.0,0.0,0.0,0.0,0.0,0.0,0.0,0.0,0.0,14
17015,Irish Russian,Vodka,Kahlua,Coca-Cola,Guinness stout,,,,,,,,,1.5,1.5,0.25,0.0,0.0,0.0,0.0,0.0,0.0,0.0,0.0,0.0,31
17060,24k nightmare,Goldschlager,Jägermeister,Rumple Minze,151 proof rum,,,,,,,,,2.0,2.0,2.0,2.0,0.0,0.0,0.0,0.0,0.0,0.0,0.0,0.0,47
17079,Baby Guinness,Kahlua,Baileys irish cream,,,,,,,,,,,2.5,2.0,0.0,0.0,0.0,0.0,0.0,0.0,0.0,0.0,0.0,0.0,30
17181,Dirty Martini,Vodka,Dry Vermouth,Olive Brine,Lemon,Olive,,,,,,,,0.0,0.5,1.0,0.0,0.0,0.0,0.0,0.0,0.0,0.0,0.0,0.0,6
17188,Mary Pickford,Light rum,Pineapple juice,Maraschino liqueur,Grenadine,Maraschino cherry,,,,,,,,1.5,1.0,0.334,0.334,0.0,0.0,0.0,0.0,0.0,0.0,0.0,0.0,26
17223,Abbey Martini,Gin,Sweet Vermouth,Orange Juice,Angostura Bitters,,,,,,,,,3.0,1.5,1.5,0.75,0.0,0.0,0.0,0.0,0.0,0.0,0.0,0.0,20
17242,Bombay Cassis,Gin,Creme de Cassis,Fresh Lime Juice,Ginger beer,Lime,Ginger,,,,,,,0.0,0.0,0.16899999999999998,0.16899999999999998,0.0,0.0,0.0,0.0,0.0,0.0,0.0,0.0,18
17239,Hunter's Moon,Vermouth,Maraschino Cherry,Sugar Syrup,Lemonade,Blackberries,,,,,,,,0.16899999999999998,0.16899999999999998,0.0,0.0,0.0,0.0,0.0,0.0,0.0,0.0,0.0,0.0,29
17245,Rosemary Blue,Gin,Blue Curacao,Tonic Water,Rosemary,,,,,,,,,0.0,0.16899999999999998,0.0,0.0,0.0,0.0,0.0,0.0,0.0,0.0,0.0,0.0,60
17247,The Last Word,Green Chartreuse,Maraschino Liqueur,Lime Juice,,,,,,,,,,1.0,1.0,1.0,0.0,0.0,0.0,0.0,0.0,0.0,0.0,0.0,0.0,50
178321,Amaretto fizz,Amaretto,Orange Juice,White Wine,Orange Peel,,,,,,,,,1.352,2.028,1.6900000000000002,0.0,0.0,0.0,0.0,0.0,0.0,0.0,0.0,0.0,7
178325,Aperol Spritz,Aperol,Prosecco,Soda Water,,,,,,,,,,0.0,0.0,0.0,0.0,0.0,0.0,0.0,0.0,0.0,0.0,0.0,0.0,0
178328,Funk and Soul,Rum,Apricot Nectar,Pomegranate juice,lemon,Soda Water,,,,,,,,3.0,1.5,1.5,0.0,0.0,0.0,0.0,0.0,0.0,0.0,0.0,0.0,23
178331,Bounty Hunter,Rum,Coconut Liqueur,Blueberries,Pineapple Juice,Prosecco,,,,,,,,1.5,1.5,0.0,0.0,0.0,0.0,0.0,0.0,0.0,0.0,0.0,0.0,23
178348,Winter Paloma,Tequila,Grapefruit Juice,Lime Juice,Agave Syrup,Pepper,,,,,,,,3.0,0.0,0.0,0.167,0.0,0.0,0.0,0.0,0.0,0.0,0.0,0.0,42
17834,Abbey Cocktail,Gin,Orange bitters,Orange,Cherry,,,,,,,,,1.5,0.25,4.0,0.0,0.0,0.0,0.0,0.0,0.0,0.0,0.0,0.0,9
11019,Alfie Cocktail,Lemon vodka,Triple sec,Pineapple juice,,,,,,,,,,1.5,0.25,0.5,0.0,0.0,0.0,0.0,0.0,0.0,0.0,0.0,0.0,31
11118,Blue Margarita,Tequila,Blue Curacao,Lime juice,Salt,,,,,,,,,1.5,1.0,1.0,0.0,0.0,0.0,0.0,0.0,0.0,0.0,0.0,0.0,36
11128,Boston Sidecar,Light rum,Brandy,Triple sec,Lime,,,,,,,,,4.0,4.0,4.0,2.0,0.0,0.0,0.0,0.0,0.0,0.0,0.0,0.0,34
11157,Brandy Cobbler,Sugar,Club soda,Lemon,Brandy,Maraschino cherry,Orange,,,,,,,0.167,3.0,0.0,2.0,0.0,0.0,0.0,0.0,0.0,0.0,0.0,0.0,16
11255,Clove Cocktail,Sweet Vermouth,Sloe gin,Wine,,,,,,,,,,1.0,2.0,2.0,0.0,0.0,0.0,0.0,0.0,0.0,0.0,0.0,0.0,29
11634,Lady Love Fizz,Gin,Light cream,Powdered sugar,Lemon,Egg white,Carbonated water,,,,,,,2.0,0.334,0.167,0.0,0.0,0.0,0.0,0.0,0.0,0.0,0.0,0.0,29
11959,Poppy Cocktail,Gin,Creme de Cacao,,,,,,,,,,,1.5,4.0,0.0,0.0,0.0,0.0,0.0,0.0,0.0,0.0,0.0,0.0,28
11965,Port Wine Flip,Port,Light cream,Powdered sugar,Egg,Nutmeg,,,,,,,,1.5,0.334,0.167,0.0,0.0,0.0,0.0,0.0,0.0,0.0,0.0,0.0,0
12057,Royal Gin Fizz,Gin,Lemon,Powdered sugar,Egg,Carbonated water,,,,,,,,2.0,2.0,0.167,0.0,0.0,0.0,0.0,0.0,0.0,0.0,0.0,0.0,17
12087,Rum Milk Punch,Light rum,Milk,Powdered sugar,Nutmeg,,,,,,,,,2.0,8.0,0.167,0.0,0.0,0.0,0.0,0.0,0.0,0.0,0.0,0.0,9
12138,Scotch Cobbler,Scotch,Brandy,Curacao,Orange,Mint,,,,,,,,2.0,1.0,1.0,0.0,0.0,0.0,0.0,0.0,0.0,0.0,0.0,0.0,18
12562,Alice Cocktail,Grenadine,Orange juice,Pineapple juice,Cream,,,,,,,,,0.338,0.338,0.676,1.352,0.0,0.0,0.0,0.0,0.0,0.0,0.0,0.0,0
12728,Yoghurt Cooler,Yoghurt,Fruit,Ice,,,,,,,,,,8.0,8.0,0.0,0.0,0.0,0.0,0.0,0.0,0.0,0.0,0.0,0.0,0
12780,Spiking coffee,Coffee,Cinnamon,,,,,,,,,,,0.0,0.0,0.0,0.0,0.0,0.0,0.0,0.0,0.0,0.0,0.0,0.0,0
12798,Coffee Liqueur,Coffee,Vanilla extract,Sugar,Vodka,Water,,,,,,,,0.0,2.0,20.0,32.0,20.0,0.0,0.0,0.0,0.0,0.0,0.0,0.0,18
13328,Chocolate Milk,Chocolate liqueur,Milk,Amaretto,,,,,,,,,,3.0,3.0,0.25,0.0,0.0,0.0,0.0,0.0,0.0,0.0,0.0,0.0,1
13861,Nutty Irishman,Baileys irish cream,Frangelico,Milk,,,,,,,,,,1.5,1.5,1.5,0.0,0.0,0.0,0.0,0.0,0.0,0.0,0.0,0.0,19
14482,Darkwood Sling,Cherry Heering,Soda water,Orange juice,Ice,,,,,,,,,1.5,1.5,1.5,0.0,0.0,0.0,0.0,0.0,0.0,0.0,0.0,0.0,7
14586,Orange Push-up,Spiced rum,Grenadine,Orange juice,Sour mix,,,,,,,,,5.0,5.0,4.0,0.5,0.0,0.0,0.0,0.0,0.0,0.0,0.0,0.0,16
14594,Zizi Coin-coin,Cointreau,Lemon juice,Ice,Lemon,,,,,,,,,1.6900000000000002,0.676,0.0,0.0,0.0,0.0,0.0,0.0,0.0,0.0,0.0,0.0,28
15194,Amaretto Shake,Chocolate ice-cream,Brandy,Amaretto,,,,,,,,,,4.0,2.0,2.0,0.0,0.0,0.0,0.0,0.0,0.0,0.0,0.0,0.0,17
15224,Malibu Twister,Malibu rum,Tropicana,Cranberry juice,,,,,,,,,,3.0,3.0,1.5,0.0,0.0,0.0,0.0,0.0,0.0,0.0,0.0,0.0,28
15395,1-900-FUK-MEUP,Absolut Kurant,Grand Marnier,Chambord raspberry liqueur,Midori melon liqueur,Malibu rum,Amaretto,Cranberry juice,Pineapple juice,,,,,2.0,4.0,4.0,4.0,4.0,4.0,2.0,4.0,0.0,0.0,0.0,0.0,28
15521,Swedish Coffee,Coffee,Aquavit,Sugar,,,,,,,,,,8.0,1.352,0.0,0.0,0.0,0.0,0.0,0.0,0.0,0.0,0.0,0.0,0
16405,A Piece of Ass,Amaretto,Southern Comfort,Ice,Sour mix,,,,,,,,,1.5,1.5,0.0,0.0,0.0,0.0,0.0,0.0,0.0,0.0,0.0,0.0,31
17006,Kool First Aid,151 proof rum,Kool-Aid,,,,,,,,,,,2.0,0.334,0.0,0.0,0.0,0.0,0.0,0.0,0.0,0.0,0.0,0.0,40
17108,Coke and Drops,Coca-Cola,Lemon juice,,,,,,,,,,,3.38,0.07,0.0,0.0,0.0,0.0,0.0,0.0,0.0,0.0,0.0,0.0,0
17213,French Martini,Vodka,Raspberry Liqueur,pineapple juice,,,,,,,,,,1.6900000000000002,1.6900000000000002,1.6900000000000002,0.0,0.0,0.0,0.0,0.0,0.0,0.0,0.0,0.0,14
17824,The Laverstoke,Gin,Elderflower cordial,Rosso Vermouth,Tonic Water,Lime,Ginger,Mint,,,,,,0.0,0.16899999999999998,0.16899999999999998,0.16899999999999998,0.0,0.0,0.0,0.0,0.0,0.0,0.0,0.0,6
17248,French Negroni,Gin,Lillet,Sweet Vermouth,Orange Peel,,,,,,,,,1.0,1.0,1.0,0.0,0.0,0.0,0.0,0.0,0.0,0.0,0.0,0.0,18
17250,Corpse Reviver,Gin,Triple Sec,Lillet Blanc,Lemon Juice,Absinthe,,,,,,,,4.0,4.0,4.0,4.0,0.25,0.0,0.0,0.0,0.0,0.0,0.0,0.0,16
17268,Blue Hurricane,Rum,Dark Rum,Passoa,Blue Curacao,Sweet and Sour,Ice,,,,,,,6.0,3.0,1.5,1.5,9.0,0.0,0.0,0.0,0.0,0.0,0.0,0.0,24
17266,Oatmeal Cookie,Kahlua,Bailey,Butterscotch schnapps,Jagermeister,Goldschlager,,,,,,,,3.0,3.0,6.0,1.5,3.0,0.0,0.0,0.0,0.0,0.0,0.0,0.0,16
17838,Adonis Cocktail,Sweet Vermouth,Sherry,Orange bitters,,,,,,,,,,4.0,1.5,0.25,0.0,0.0,0.0,0.0,0.0,0.0,0.0,0.0,0.0,13
11012,Alabama Slammer,Southern Comfort,Amaretto,Sloe gin,Lemon juice,,,,,,,,,1.0,1.0,2.0,0.25,0.0,0.0,0.0,0.0,0.0,0.0,0.0,0.0,44
11013,Alaska Cocktail,Orange bitters,Gin,Yellow Chartreuse,Lemon peel,,,,,,,,,0.5,1.5,4.0,0.0,0.0,0.0,0.0,0.0,0.0,0.0,0.0,0.0,72
11022,Allies Cocktail,Dry Vermouth,Gin,Kummel,,,,,,,,,,1.0,1.0,0.334,0.0,0.0,0.0,0.0,0.0,0.0,0.0,0.0,0.0,29
11054,Arthur Tompkins,Gin,Grand Marnier,Lemon juice,Lemon peel,,,,,,,,,2.0,2.0,0.334,0.0,0.0,0.0,0.0,0.0,0.0,0.0,0.0,0.0,35
11064,Banana Daiquiri,Light rum,Triple sec,Banana,Lime juice,Sugar,Cherry,,,,,,,1.5,0.5,0.0,1.5,0.167,0.0,0.0,0.0,0.0,0.0,0.0,0.0,23
17177,Dark Caipirinha,demerara Sugar,Lime,Cachaca,,,,,,,,,,0.334,0.0,2.5,0.0,0.0,0.0,0.0,0.0,0.0,0.0,0.0,0.0,0
11368,Flying Dutchman,Gin,Triple sec,,,,,,,,,,,2.0,2.0,0.0,0.0,0.0,0.0,0.0,0.0,0.0,0.0,0.0,0.0,33
178333,Raspberry Julep,Bourbon,Raspberry syrup,Mint,,,,,,,,,,2.0,2.0,0.0,0.0,0.0,0.0,0.0,0.0,0.0,0.0,0.0,0.0,32
11387,Frozen Daiquiri,Light rum,Triple sec,Lime juice,Sugar,Cherry,Ice,,,,,,,1.5,0.5,1.5,0.167,0.0,8.0,0.0,0.0,0.0,0.0,0.0,0.0,7
11470,Havana Cocktail,Light rum,Pineapple juice,Lemon juice,,,,,,,,,,1.0,1.0,0.167,0.0,0.0,0.0,0.0,0.0,0.0,0.0,0.0,0.0,21
11002,Long Island Tea,Vodka,Light rum,Gin,Tequila,Lemon,Coca-Cola,,,,,,,2.0,2.0,2.0,2.0,2.0,0.5,0.0,0.0,0.0,0.0,0.0,0.0,32
11766,Midnight Cowboy,Bourbon,Dark rum,Heavy cream,,,,,,,,,,2.0,1.0,2.0,0.0,0.0,0.0,0.0,0.0,0.0,0.0,0.0,0.0,35
11989,Queen Charlotte,Red wine,Grenadine,Lemon-lime soda,,,,,,,,,,2.0,1.0,0.0,0.0,0.0,0.0,0.0,0.0,0.0,0.0,0.0,0.0,0
11991,Queen Elizabeth,Dry Vermouth,Gin,Benedictine,,,,,,,,,,2.0,1.5,0.2505,0.0,0.0,0.0,0.0,0.0,0.0,0.0,0.0,0.0,27
12091,Rum Screwdriver,Light rum,Orange juice,,,,,,,,,,,1.5,5.0,0.0,0.0,0.0,0.0,0.0,0.0,0.0,0.0,0.0,0.0,10
12214,Singapore Sling,Cherry brandy,Grenadine,Gin,Sweet and sour,Carbonated water,Cherry,,,,,,,2.0,2.0,1.0,2.0,0.0,0.0,0.0,0.0,0.0,0.0,0.0,0.0,17
12420,Tuxedo Cocktail,Dry Vermouth,Gin,Maraschino liqueur,Anis,Orange bitters,Cherry,,,,,,,1.5,1.5,0.668,0.668,0.5,0.0,0.0,0.0,0.0,0.0,0.0,0.0,22
12442,Vermouth Cassis,Dry Vermouth,Creme de Cassis,Carbonated water,,,,,,,,,,1.5,4.0,0.0,0.0,0.0,0.0,0.0,0.0,0.0,0.0,0.0,0.0,19
12452,Victory Collins,Vodka,Lemon juice,Grape juice,Powdered sugar,Orange,,,,,,,,1.5,3.0,3.0,0.167,0.0,0.0,0.0,0.0,0.0,0.0,0.0,0.0,8
12460,Vodka And Tonic,Vodka,Tonic water,,,,,,,,,,,2.0,0.0,0.0,0.0,0.0,0.0,0.0,0.0,0.0,0.0,0.0,0.0,42
12672,Fruit Flip-Flop,Yoghurt,Fruit juice,,,,,,,,,,,8.0,8.0,0.0,0.0,0.0,0.0,0.0,0.0,0.0,0.0,0.0,0.0,0
12688,Just a Moonmint,Milk,Chocolate syrup,Mint syrup,,,,,,,,,,16.0,0.0,0.0,0.0,0.0,0.0,0.0,0.0,0.0,0.0,0.0,0.0,0
12734,Chocolate Drink,Chocolate,Milk,Water,,,,,,,,,,0.17500000000000002,135.2,0.0,0.0,0.0,0.0,0.0,0.0,0.0,0.0,0.0,0.0,0
12808,Creme de Menthe,Sugar,Water,Grain alcohol,Peppermint extract,Food coloring,,,,,,,,64.0,48.0,16.0,1.0,0.5,0.0,0.0,0.0,0.0,0.0,0.0,0.0,0
12870,Artillery Punch,Tea,Rye whiskey,Red wine,Rum,Brandy,Benedictine,Orange juice,Lemon juice,,,,,32.0,32.0,25.5,16.0,32.0,1.5,16.0,32.0,0.0,0.0,0.0,0.0,19
12890,Cranberry Punch,Cranberry juice,Sugar,Pineapple juice,Almond flavoring,Ginger ale,,,,,,,,32.0,12.0,32.0,0.5,64.0,0.0,0.0,0.0,0.0,0.0,0.0,0.0,16
12954,Holloween Punch,Grape juice,Carbonated soft drink,Sherbet,Sherbet,,,,,,,,,0.0,0.0,0.0,0.0,0.0,0.0,0.0,0.0,0.0,0.0,0.0,0.0,0
13070,Fahrenheit 5000,Firewater,Absolut Peppar,Tabasco sauce,,,,,,,,,,2.0,2.0,0.25,0.0,0.0,0.0,0.0,0.0,0.0,0.0,0.0,0.0,0
13389,Snake Bite (UK),Lager,Cider,,,,,,,,,,,32.0,32.0,0.0,0.0,0.0,0.0,0.0,0.0,0.0,0.0,0.0,0.0,0
13621,Tequila Sunrise,Tequila,Orange juice,Grenadine,,,,,,,,,,0.0,0.0,0.0,0.0,0.0,0.0,0.0,0.0,0.0,0.0,0.0,0.0,0
14065,Zippy's Revenge,Amaretto,Rum,Kool-Aid,,,,,,,,,,2.0,2.0,4.0,0.0,0.0,0.0,0.0,0.0,0.0,0.0,0.0,0.0,18
14272,Addison Special,Vodka,Grenadine,Orange juice,,,,,,,,,,1.5,0.5,0.0,0.0,0.0,0.0,0.0,0.0,0.0,0.0,0.0,0.0,31
14782,Hot Creamy Bush,Irish whiskey,Baileys irish cream,Coffee,,,,,,,,,,1.5,6.0,6.0,0.0,0.0,0.0,0.0,0.0,0.0,0.0,0.0,0.0,20
15801,Zimadori Zinger,Midori melon liqueur,Zima,,,,,,,,,,,5.0,2.0,0.0,0.0,0.0,0.0,0.0,0.0,0.0,0.0,0.0,0.0,32
15825,Jamaican Coffee,Rum,Coffee,Water,Whipped cream,,,,,,,,,0.0,0.0,0.0,0.0,0.0,0.0,0.0,0.0,0.0,0.0,0.0,0.0,0
16176,Bellini Martini,Ice,Vodka,Peach nectar,Peach schnapps,Lemon peel,,,,,,,,4.0,3.0,5.0,5.0,0.0,0.0,0.0,0.0,0.0,0.0,0.0,0.0,14
16403,Black and Brown,Guinness stout,Root beer,,,,,,,,,,,0.0,0.0,0.0,0.0,0.0,0.0,0.0,0.0,0.0,0.0,0.0,0.0,0
17044,Homemade Kahlua,Sugar,Corn syrup,Coffee,Vanilla extract,Water,Vodka,,,,,,,20.0,8.0,1.5,2.0,24.0,25.5,0.0,0.0,0.0,0.0,0.0,0.0,13
17074,Arizona Twister,Vodka,Malibu rum,Gold tequila,Orange juice,Pineapple juice,Cream of coconut,Grenadine,Ice,Pineapple,,,,1.5,1.5,1.5,0.5,0.5,0.5,0.25,0.0,0.0,0.0,0.0,0.0,37
17168,Amaretto Sunset,Triple sec,Amaretto,Cider,Ice,,,,,,,,,3.0,4.5,16.0,0.0,0.0,0.0,0.0,0.0,0.0,0.0,0.0,0.0,9
17182,Duchamp's Punch,Pisco,Lime Juice,Pineapple Syrup,St. Germain,Angostura Bitters,Pepper,Lavender,,,,,,1.6900000000000002,1.6900000000000002,1.6900000000000002,1.6900000000000002,0.5,0.0,0.0,0.0,0.0,0.0,0.0,0.0,0
17191,Planter's Punch,Dark rum,Orgeat syrup,Orange juice,Pineapple juice,,,,,,,,,1.5,3.0,3.0,1.5,0.0,0.0,0.0,0.0,0.0,0.0,0.0,0.0,7
17211,Dark and Stormy,Dark Rum,Ginger Beer,,,,,,,,,,,1.6900000000000002,0.0,0.0,0.0,0.0,0.0,0.0,0.0,0.0,0.0,0.0,0.0,47
178306,Slippery Nipple,Sambuca,Irish cream,,,,,,,,,,,1.5,1.5,0.0,0.0,0.0,0.0,0.0,0.0,0.0,0.0,0.0,0.0,28
178307,Tequila Slammer,Tequila,7-up,,,,,,,,,,,1.5,1.5,0.0,0.0,0.0,0.0,0.0,0.0,0.0,0.0,0.0,0.0,22
178313,Halloween Punch,Cherry Juice,Orange Peel,Red Chili Flakes,Cloves,Ginger,Vodka,,,,,,,12.0,0.0,0.0,0.0,0.0,0.0,0.0,0.0,0.0,0.0,0.0,0.0,0
178314,Gin Basil Smash,Gin,Lemon Juice,Sugar Syrup,Basil,,,,,,,,,2.028,0.676,0.676,0.0,0.0,0.0,0.0,0.0,0.0,0.0,0.0,0.0,22
178320,Banana Cream Pi,Malibu Rum,Banana Liqueur,Pineapple Juice,,,,,,,,,,1.0,1.0,0.0,0.0,0.0,0.0,0.0,0.0,0.0,0.0,0.0,0.0,35
178330,The Philosopher,Gin,Melon Liqueur,Orange Bitters,Lemon Juice,Prosecco,,,,,,,,1.5,1.5,0.25,0.25,0.0,0.0,0.0,0.0,0.0,0.0,0.0,0.0,25
11016,Brandy Alexander,Brandy,Creme de Cacao,Light cream,Nutmeg,,,,,,,,,1.0,1.0,1.0,0.0,0.0,0.0,0.0,0.0,0.0,0.0,0.0,0.0,22
11028,Amaretto Stinger,Amaretto,White Creme de Menthe,,,,,,,,,,,1.5,4.0,0.0,0.0,0.0,0.0,0.0,0.0,0.0,0.0,0.0,0.0,25
11084,Bermuda Highball,Brandy,Gin,Dry Vermouth,Carbonated water,Lemon peel,,,,,,,,4.0,4.0,4.0,0.0,0.0,0.0,0.0,0.0,0.0,0.0,0.0,0.0,32
11338,English Highball,Brandy,Gin,Sweet Vermouth,Carbonated water,Lemon peel,,,,,,,,4.0,4.0,4.0,0.0,0.0,0.0,0.0,0.0,0.0,0.0,0.0,0.0,32
11369,Flying Scotchman,Scotch,Sweet Vermouth,Bitters,Sugar syrup,,,,,,,,,1.0,1.0,0.25,0.668,0.0,0.0,0.0,0.0,0.0,0.0,0.0,0.0,6
11396,Gentleman's Club,Gin,Brandy,Sweet Vermouth,Club soda,,,,,,,,,1.5,1.0,1.0,1.0,0.0,0.0,0.0,0.0,0.0,0.0,0.0,0.0,25
11602,Kentucky B And B,Bourbon,Benedictine,,,,,,,,,,,2.0,2.0,0.0,0.0,0.0,0.0,0.0,0.0,0.0,0.0,0.0,0.0,52
11604,Kentucky Colonel,Bourbon,Benedictine,Lemon peel,,,,,,,,,,3.0,2.0,0.0,0.0,0.0,0.0,0.0,0.0,0.0,0.0,0.0,0.0,55
11666,Lone Tree Cooler,Carbonated water,Gin,Dry Vermouth,Powdered sugar,Orange spiral,Lemon peel,,,,,,,0.0,0.0,0.0,0.0,0.0,0.0,0.0,0.0,0.0,0.0,0.0,0.0,0
12198,Sidecar Cocktail,Brandy,Triple sec,Lemon,,,,,,,,,,1.0,2.0,4.0,0.0,0.0,0.0,0.0,0.0,0.0,0.0,0.0,0.0,14
12754,Sex on the Beach,Vodka,Peach schnapps,Cranberry juice,Grapefruit juice,,,,,,,,,1.0,4.0,0.0,0.0,0.0,0.0,0.0,0.0,0.0,0.0,0.0,0.0,26
12784,Thai Iced Coffee,Coffee,Sugar,Cream,Cardamom,,,,,,,,,0.0,0.0,0.0,0.0,0.0,0.0,0.0,0.0,0.0,0.0,0.0,0.0,0
12792,Amaretto Liqueur,Sugar,Water,Apricot,Almond flavoring,Grain alcohol,Water,Brandy,Food coloring,Food coloring,Food coloring,Glycerine,,8.0,32.0,0.0,0.5,16.0,16.0,8.0,0.03,0.06,0.02,0.334,0.0,4
12794,Angelica Liqueur,Angelica root,Almond,Allspice,Cinnamon,Anise,Coriander,Marjoram leaves,Vodka,Sugar,Water,Food coloring,Food coloring,1.5,0.5,0.0,0.0,0.0,1.336,0.5,40.0,16.0,32.0,0.01,0.01,18
13194,Damned if you do,Whiskey,Hot Damn,,,,,,,,,,,5.0,5.0,0.0,0.0,0.0,0.0,0.0,0.0,0.0,0.0,0.0,0.0,23
13625,Screaming Orgasm,Vodka,Baileys irish cream,Kahlua,,,,,,,,,,1.0,1.5,2.0,0.0,0.0,0.0,0.0,0.0,0.0,0.0,0.0,0.0,32
14446,Kool-Aid Slammer,Kool-Aid,Vodka,,,,,,,,,,,2.0,2.0,0.0,0.0,0.0,0.0,0.0,0.0,0.0,0.0,0.0,0.0,21
14564,A Splash of Nash,Cranberry juice,Soda water,Midori melon liqueur,Creme de Banane,,,,,,,,,2.0,2.0,5.0,5.0,0.0,0.0,0.0,0.0,0.0,0.0,0.0,0.0,27
14578,Amaretto Sunrise,Amaretto,Orange juice,Grenadine,,,,,,,,,,0.338,4.0,1.352,0.0,0.0,0.0,0.0,0.0,0.0,0.0,0.0,0.0,1
14584,Arizona Stingers,Absolut Vodka,Iced tea,,,,,,,,,,,3.0,2.0,0.0,0.0,0.0,0.0,0.0,0.0,0.0,0.0,0.0,0.0,25
14602,Tequila Surprise,Tequila,Tabasco sauce,,,,,,,,,,,0.0,0.0,0.0,0.0,0.0,0.0,0.0,0.0,0.0,0.0,0.0,0.0,0
15423,110 in the shade,Lager,Tequila,,,,,,,,,,,6.0,5.0,0.0,0.0,0.0,0.0,0.0,0.0,0.0,0.0,0.0,0.0,20
15615,Chocolate Monkey,Banana liqueur,Creme de Cacao,Chocolate ice-cream,Chocolate syrup,Chocolate milk,Whipped cream,Cherry,Banana,,,,,1.5,3.0,4.0,1.0,4.0,0.0,0.0,0.0,0.0,0.0,0.0,0.0,5
17183,Bacardi Cocktail,Light rum,Lime juice,Sugar syrup,Grenadine,,,,,,,,,1.75,1.0,0.334,0.25,0.0,0.0,0.0,0.0,0.0,0.0,0.0,0.0,24
16295,Bleeding Surgeon,Dark rum,Orange,Surge,Cranberry juice,,,,,,,,,1.5,0.0,0.0,0.0,0.0,0.0,0.0,0.0,0.0,0.0,0.0,0.0,47
17118,Arctic Mouthwash,Maui,Mountain Dew,Ice,,,,,,,,,,5.0,5.0,0.0,0.0,0.0,0.0,0.0,0.0,0.0,0.0,0.0,0.0,0
17167,Raspberry Cooler,Raspberry vodka,Lemon-lime soda,Ice,,,,,,,,,,2.0,4.0,0.0,0.0,0.0,0.0,0.0,0.0,0.0,0.0,0.0,0.0,14
17212,Espresso Martini,Vodka,Kahlua,Sugar syrup,,,,,,,,,,1.6900000000000002,0.338,0.25,0.0,0.0,0.0,0.0,0.0,0.0,0.0,0.0,0.0,35
17826,The Jimmy Conway,Irish Whiskey,Amaretto,Cranberry Juice,,,,,,,,,,0.0,0.0,4.0,0.0,0.0,0.0,0.0,0.0,0.0,0.0,0.0,0.0,0
178308,Spritz Veneziano,Prosecco,Aperol,Soda Water,,,,,,,,,,2.028,1.352,0.0,0.0,0.0,0.0,0.0,0.0,0.0,0.0,0.0,0.0,0
178309,Espresso Rumtini,Rum,Vanilla syrup,Espresso,Coffee,,,,,,,,,1.5,3.0,1.5,1.5,0.0,0.0,0.0,0.0,0.0,0.0,0.0,0.0,9
178327,Pineapple Paloma,Tequila,Grapefruit Juice,Fresh Lime Juice,Pineapple Juice,Lime,Pepper,,,,,,,4.0,4.0,1.0,8.0,0.0,0.0,0.0,0.0,0.0,0.0,0.0,0.0,10
178336,Blueberry Mojito,Dark Rum,Lime Juice,Sugar,Blueberries,Lemon-lime soda,,,,,,,,3.0,1.5,0.0,0.0,0.0,0.0,0.0,0.0,0.0,0.0,0.0,0.0,31
178337,Autumn Garibaldi,Campari,Orange Juice,Ginger Beer,Orange Peel,,,,,,,,,1.5,2.5,2.5,0.0,0.0,0.0,0.0,0.0,0.0,0.0,0.0,0.0,14
11326,Dubonnet Cocktail,Dubonnet Rouge,Gin,Bitters,Lemon peel,,,,,,,,,1.5,4.0,0.25,0.0,0.0,0.0,0.0,0.0,0.0,0.0,0.0,0.0,25
11462,Harvey Wallbanger,Vodka,Galliano,Orange juice,,,,,,,,,,1.0,2.0,4.0,0.0,0.0,0.0,0.0,0.0,0.0,0.0,0.0,0.0,16
11472,Hawaiian Cocktail,Gin,Triple sec,Pineapple juice,,,,,,,,,,2.0,2.0,0.5,0.0,0.0,0.0,0.0,0.0,0.0,0.0,0.0,0.0,29
11566,Jewel Of The Nile,Gin,Green Chartreuse,Yellow Chartreuse,,,,,,,,,,1.5,2.0,2.0,0.0,0.0,0.0,0.0,0.0,0.0,0.0,0.0,0.0,84
11720,Martinez Cocktail,Gin,Dry Vermouth,Triple sec,Orange bitters,Cherry,,,,,,,,1.0,1.0,0.668,0.25,0.0,0.0,0.0,0.0,0.0,0.0,0.0,0.0,26
11983,Quaker's Cocktail,Light rum,Brandy,Lemon,Raspberry syrup,,,,,,,,,4.0,4.0,4.0,0.334,0.0,0.0,0.0,0.0,0.0,0.0,0.0,0.0,28
12089,Rum Old-fashioned,Light rum,151 proof rum,Powdered sugar,Bitters,Water,Lime peel,,,,,,,1.5,0.167,0.334,0.25,0.167,0.0,0.0,0.0,0.0,0.0,0.0,0.0,32
12186,Shanghai Cocktail,Light rum,Anisette,Grenadine,Lemon,,,,,,,,,1.0,0.167,0.334,4.0,0.0,0.0,0.0,0.0,0.0,0.0,0.0,0.0,9
12224,Sloe Gin Cocktail,Sloe gin,Dry Vermouth,Orange bitters,,,,,,,,,,2.0,0.668,0.25,0.0,0.0,0.0,0.0,0.0,0.0,0.0,0.0,0.0,47
12434,Valencia Cocktail,Apricot brandy,Orange juice,Orange bitters,,,,,,,,,,1.5,0.5,0.5,0.0,0.0,0.0,0.0,0.0,0.0,0.0,0.0,0.0,25
12654,Banana Milk Shake,Milk,Orange juice,Sugar syrup,Banana,,,,,,,,,0.0,1.352,0.334,0.0,0.0,0.0,0.0,0.0,0.0,0.0,0.0,0.0,0
12706,Imperial Cocktail,Lime juice,Gin,Aperol,,,,,,,,,,1.352,0.676,1.352,0.0,0.0,0.0,0.0,0.0,0.0,0.0,0.0,0.0,7
12750,Spanish chocolate,Milk,Chocolate,Cinnamon,Egg yolk,,,,,,,,,16.0,2.0,0.334,4.0,0.0,0.0,0.0,0.0,0.0,0.0,0.0,0.0,0
12802,Cranberry Cordial,Cranberries,Sugar,Light rum,,,,,,,,,,70.548,135.2,67.6,0.0,0.0,0.0,0.0,0.0,0.0,0.0,0.0,0.0,11
12862,Aloha Fruit punch,Water,Ginger,Guava juice,Lemon juice,Pineapple,Sugar,Pineapple juice,,,,,,32.0,0.334,16.0,0.75,12.0,8.0,32.0,0.0,0.0,0.0,0.0,0.0,0
12864,Apple Cider Punch,Apple cider,Brown sugar,Lemonade,Orange juice,Cloves,Allspice,Nutmeg,Cinnamon,,,,,128.0,8.0,6.0,6.0,0.0,0.0,0.167,0.0,0.0,0.0,0.0,0.0,0
12916,Egg Nog - Healthy,Egg,Sugar,Condensed milk,Milk,Vanilla extract,Rum,Nutmeg,,,,,,16.0,1.5,3.0,32.0,0.167,0.167,0.0,0.0,0.0,0.0,0.0,0.0,0
13026,Sangria The  Best,Red wine,Sugar,Lemon,Orange,Apple,Brandy,Soda water,,,,,,50.699999999999996,8.0,0.0,0.0,0.0,4.0,0.0,0.0,0.0,0.0,0.0,0.0,2
13192,National Aquarium,Rum,Vodka,Gin,Blue Curacao,Sour mix,Lemon-lime soda,,,,,,,2.0,2.0,2.0,2.0,2.0,0.5,0.0,0.0,0.0,0.0,0.0,0.0,35
13204,New York Lemonade,Absolut Citron,Grand Marnier,Lemon juice,Club soda,,,,,,,,,2.0,1.0,2.0,1.0,0.0,0.0,0.0,0.0,0.0,0.0,0.0,0.0,6
14372,Absolut limousine,Absolut Citron,Lime juice,Ice,Tonic water,,,,,,,,,0.0,0.0,0.0,0.0,0.0,0.0,0.0,0.0,0.0,0.0,0.0,0.0,0
14374,Absolut Evergreen,Absolut Citron,Pisang Ambon,Ice,Bitter lemon,,,,,,,,,4.5,4.5,0.0,0.0,0.0,0.0,0.0,0.0,0.0,0.0,0.0,0.0,10
17175,Girl From Ipanema,Cachaca,Lemon Juice,Agave Syrup,Champagne,,,,,,,,,0.16899999999999998,0.16899999999999998,0.0,0.0,0.0,0.0,0.0,0.0,0.0,0.0,0.0,0.0,0
15178,Texas Rattlesnake,Yukon Jack,Cherry brandy,Southern Comfort,Sweet and sour,,,,,,,,,1.5,3.0,1.5,0.5,0.0,0.0,0.0,0.0,0.0,0.0,0.0,0.0,39
15597,Absolut Stress #2,Absolut Vodka,Peach schnapps,Coconut liqueur,Cranberry juice,Pineapple juice,,,,,,,,1.5,2.0,2.0,1.5,1.5,0.0,0.0,0.0,0.0,0.0,0.0,0.0,12
17020,Auburn Headbanger,Jägermeister,Goldschlager,,,,,,,,,,,1.0,1.0,0.0,0.0,0.0,0.0,0.0,0.0,0.0,0.0,0.0,0.0,22
17198,French Connection,Cognac,Amaretto,,,,,,,,,,,1.5,4.0,0.0,0.0,0.0,0.0,0.0,0.0,0.0,0.0,0.0,0.0,31
17201,Hemingway Special,Rum,Grapefruit Juice,Maraschino Liqueur,Lime Juice,,,,,,,,,3.0,12.0,4.5,4.5,0.0,0.0,0.0,0.0,0.0,0.0,0.0,0.0,13
17216,Tommy's Margarita,Tequila,Lime Juice,Agave syrup,,,,,,,,,,1.6900000000000002,1.6900000000000002,1.0,0.0,0.0,0.0,0.0,0.0,0.0,0.0,0.0,0.0,17
178340,Garibaldi Negroni,Gin,Campari,Orange Juice,Orange Peel,,,,,,,,,0.0,0.0,0.0,0.0,0.0,0.0,0.0,0.0,0.0,0.0,0.0,0.0,0
17831,A Furlong Too Late,Light rum,Ginger beer,Lemon peel,,,,,,,,,,2.0,4.0,0.0,0.0,0.0,0.0,0.0,0.0,0.0,0.0,0.0,0.0,40
11025,Amaretto And Cream,Amaretto,Light cream,,,,,,,,,,,1.5,1.5,0.0,0.0,0.0,0.0,0.0,0.0,0.0,0.0,0.0,0.0,14
11227,Champagne Cocktail,Champagne,Sugar,Bitters,Lemon peel,Cognac,,,,,,,,0.0,0.0,0.5,0.0,0.25,0.0,0.0,0.0,0.0,0.0,0.0,0.0,13
11542,Jack Rose Cocktail,Apple brandy,Grenadine,Lime,,,,,,,,,,1.5,0.167,2.0,0.0,0.0,0.0,0.0,0.0,0.0,0.0,0.0,0.0,17
11664,Lone Tree Cocktail,Sweet Vermouth,Gin,,,,,,,,,,,4.0,1.5,0.0,0.0,0.0,0.0,0.0,0.0,0.0,0.0,0.0,0.0,23
11961,Port And Starboard,Grenadine,Green Creme de Menthe,,,,,,,,,,,0.5,2.0,0.0,0.0,0.0,0.0,0.0,0.0,0.0,0.0,0.0,0.0,20
11963,Port Wine Cocktail,Port,Brandy,,,,,,,,,,,2.5,0.334,0.0,0.0,0.0,0.0,0.0,0.0,0.0,0.0,0.0,0.0,4
12722,Strawberry Shivers,Strawberries,Honey,Water,,,,,,,,,,12.0,0.668,16.0,0.0,0.0,0.0,0.0,0.0,0.0,0.0,0.0,0.0,0
12732,Chocolate Beverage,Milk,Chocolate,Cinnamon,Egg,,,,,,,,,48.0,3.0,0.167,0.0,0.0,0.0,0.0,0.0,0.0,0.0,0.0,0.0,0
12736,Drinking Chocolate,Heavy cream,Milk,Cinnamon,Vanilla,Chocolate,Whipped cream,,,,,,,2.0,8.0,0.0,0.0,2.0,0.0,0.0,0.0,0.0,0.0,0.0,0.0,0
12772,Iced Coffee Fillip,Kahlua,Coffee,,,,,,,,,,,0.334,0.0,0.0,0.0,0.0,0.0,0.0,0.0,0.0,0.0,0.0,0.0,27
13032,Spiced Peach Punch,Peach nectar,Orange juice,Brown sugar,Cinnamon,Cloves,Lime juice,,,,,,,6.0,0.0,16.0,6.0,0.334,1.0,0.0,0.0,0.0,0.0,0.0,0.0,0
13068,Brave Bull Shooter,Tequila,Tabasco sauce,,,,,,,,,,,2.0,2.0,0.0,0.0,0.0,0.0,0.0,0.0,0.0,0.0,0.0,0.0,22
13202,Flaming Dr. Pepper,Amaretto,Vodka,151 proof rum,Dr. Pepper,Beer,,,,,,,,1.0,1.0,1.0,1.0,1.0,0.0,0.0,0.0,0.0,0.0,0.0,0.0,23
14107,Absolut Summertime,Absolut Citron,Sweet and sour,Sprite,Soda water,Lemon,,,,,,,,1.5,4.0,2.0,3.0,0.0,0.0,0.0,0.0,0.0,0.0,0.0,0.0,0
15200,A Day at the Beach,Coconut rum,Amaretto,Orange juice,Grenadine,,,,,,,,,1.0,2.0,4.0,2.0,0.0,0.0,0.0,0.0,0.0,0.0,0.0,0.0,13
17184,Between The Sheets,Brandy,Light rum,Triple sec,Lemon juice,,,,,,,,,1.0,1.0,1.0,1.0,0.0,0.0,0.0,0.0,0.0,0.0,0.0,0.0,29
15951,Black Forest Shake,Ice,Chocolate syrup,Cherry brandy,Vodka,Milk,,,,,,,,0.0,0.0,0.0,0.0,0.0,0.0,0.0,0.0,0.0,0.0,0.0,0.0,0
16158,Whitecap Margarita,Ice,Tequila,Cream of coconut,Lime juice,,,,,,,,,8.0,2.0,32.0,1.5,0.0,0.0,0.0,0.0,0.0,0.0,0.0,0.0,2
16354,Arizona Antifreeze,Vodka,Midori melon liqueur,Sweet and sour,,,,,,,,,,3.0,3.0,3.0,0.0,0.0,0.0,0.0,0.0,0.0,0.0,0.0,0.0,29
16987,Irish Curdling Cow,Baileys irish cream,Bourbon,Vodka,Orange juice,,,,,,,,,4.0,4.0,4.0,3.0,0.0,0.0,0.0,0.0,0.0,0.0,0.0,0.0,37
178326,White Wine Sangria,Lime,lemon,White Wine,Strawberries,Apple,Apple Brandy,Soda Water,,,,,,0.0,0.0,0.0,8.0,8.0,4.5,0.0,0.0,0.0,0.0,0.0,0.0,9
178339,The Strange Weaver,Light Rum,Gin,Sweet Vermouth,Campari,Lemon Juice,Orgeat Syrup,Orange Peel,,,,,,1.0,1.0,5.0,5.0,0.0,0.0,0.0,0.0,0.0,0.0,0.0,0.0,14
11205,California Lemonade,Blended whiskey,Lemon,Lime,Powdered sugar,Grenadine,Carbonated water,,,,,,,2.0,1.0,1.0,0.5,0.668,0.0,0.0,0.0,0.0,0.0,0.0,0.0,17
12316,Strawberry Daiquiri,Strawberry schnapps,Light rum,Lime juice,Powdered sugar,Strawberries,,,,,,,,2.0,1.0,1.0,0.167,1.0,0.0,0.0,0.0,0.0,0.0,0.0,0.0,9
12474,Waikiki Beachcomber,Triple sec,Gin,Pineapple juice,,,,,,,,,,4.0,4.0,0.5,0.0,0.0,0.0,0.0,0.0,0.0,0.0,0.0,0.0,31
12744,Microwave Hot Cocoa,Sugar,Cocoa powder,Salt,Water,Milk,Vanilla extract,,,,,,,2.5,1.5,0.25,1.5,16.0,0.668,0.0,0.0,0.0,0.0,0.0,0.0,0
12746,Nuked Hot Chocolate,Cocoa powder,Sugar,Vanilla extract,Milk,,,,,,,,,0.334,0.167,0.334,2.0,0.0,0.0,0.0,0.0,0.0,0.0,0.0,0.0,0
12760,Surf City Lifesaver,Ouzo,Baileys irish cream,Gin,Grand Marnier,,,,,,,,,1.5,1.5,3.0,3.0,0.0,0.0,0.0,0.0,0.0,0.0,0.0,0.0,38
13036,Strawberry Lemonade,Lemon,Sugar,Strawberries,Water,,,,,,,,,1.0,0.5,0.0,8.0,0.0,0.0,0.0,0.0,0.0,0.0,0.0,0.0,0
13042,Sunny Holiday Punch,Pineapple juice,Club soda,Orange juice,Lemon,Berries,Champagne,,,,,,,6.0,8.0,6.0,0.0,16.0,12.0,0.0,0.0,0.0,0.0,0.0,0.0,3
13675,Flander's Flake-Out,Sambuca,Sarsaparilla,,,,,,,,,,,0.0,0.0,0.0,0.0,0.0,0.0,0.0,0.0,0.0,0.0,0.0,0.0,0
14306,Amaretto Stone Sour,Amaretto,Sour mix,Orange juice,,,,,,,,,,1.5,1.5,1.5,0.0,0.0,0.0,0.0,0.0,0.0,0.0,0.0,0.0,9
15092,Pysch Vitamin Light,Orange juice,Apple juice,Pineapple juice,Ice,,,,,,,,,1.5,1.5,1.5,0.0,0.0,0.0,0.0,0.0,0.0,0.0,0.0,0.0,0
15789,Snakebite and Black,Lager,Cider,Blackcurrant squash,,,,,,,,,,32.0,32.0,0.0,0.0,0.0,0.0,0.0,0.0,0.0,0.0,0.0,0.0,0
16271,The Evil Blue Thing,Creme de Cacao,Blue Curacao,Light rum,,,,,,,,,,1.5,1.0,2.0,0.0,0.0,0.0,0.0,0.0,0.0,0.0,0.0,0.0,42
16275,Jack's Vanilla Coke,Ice,Tennessee whiskey,Vanilla extract,Coca-Cola,,,,,,,,,0.0,2.0,0.167,2.0,0.0,0.0,0.0,0.0,0.0,0.0,0.0,0.0,22
16485,Flaming Lamborghini,Kahlua,Sambuca,Blue Curacao,Baileys irish cream,,,,,,,,,1.0,1.0,1.0,1.0,0.0,0.0,0.0,0.0,0.0,0.0,0.0,0.0,40
16943,A Gilligan's Island,Vodka,Peach schnapps,Orange juice,Cranberry juice,,,,,,,,,1.0,1.0,3.0,3.0,0.0,0.0,0.0,0.0,0.0,0.0,0.0,0.0,8
17094,Alice in Wonderland,Amaretto,Grand Marnier,Southern Comfort,,,,,,,,,,1.5,1.5,1.5,0.0,0.0,0.0,0.0,0.0,0.0,0.0,0.0,0.0,34
17224,Absolutely Fabulous,Vodka,Cranberry Juice,Champagne,,,,,,,,,,1.5,3.0,0.0,0.0,0.0,0.0,0.0,0.0,0.0,0.0,0.0,0.0,14
178335,Lazy Coconut Paloma,Coconut Liqueur,Grapefruit Juice,Soda Water,,,,,,,,,,0.0,0.16899999999999998,0.0,0.0,0.0,0.0,0.0,0.0,0.0,0.0,0.0,0.0,0
11121,Bobby Burns Cocktail,Sweet Vermouth,Scotch,Benedictine,Lemon peel,,,,,,,,,1.5,1.5,0.20875000000000002,0.0,0.0,0.0,0.0,0.0,0.0,0.0,0.0,0.0,11
11390,Frozen Mint Daiquiri,Light rum,Lime juice,Mint,Sugar,,,,,,,,,2.0,0.5,0.0,0.167,0.0,0.0,0.0,0.0,0.0,0.0,0.0,0.0,35
12322,Strawberry Margarita,Strawberry schnapps,Tequila,Triple sec,Lemon juice,Strawberries,Salt,,,,,,,2.0,1.0,2.0,1.0,1.0,0.0,0.0,0.0,0.0,0.0,0.0,0.0,15
12710,Apple Berry Smoothie,Berries,Apple,,,,,,,,,,,8.0,0.0,0.0,0.0,0.0,0.0,0.0,0.0,0.0,0.0,0.0,0.0,0
12714,Kiwi Papaya Smoothie,Kiwi,Papaya,,,,,,,,,,,0.0,0.0,0.0,0.0,0.0,0.0,0.0,0.0,0.0,0.0,0.0,0.0,0
13535,Pink Panty Pulldowns,Sprite,Pink lemonade,Vodka,,,,,,,,,,33.8,16.0,16.0,0.0,0.0,0.0,0.0,0.0,0.0,0.0,0.0,0.0,10
14133,Cosmopolitan Martini,Cointreau,Vodka,Lime,Cranberry juice,,,,,,,,,2.0,1.0,2.0,0.5,0.0,0.0,0.0,0.0,0.0,0.0,0.0,0.0,22
14282,California Root Beer,Kahlua,Galliano,Soda water,,,,,,,,,,4.0,4.0,0.0,0.0,0.0,0.0,0.0,0.0,0.0,0.0,0.0,0.0,31
14510,Bailey's Dream Shake,Baileys irish cream,Vanilla ice-cream,Cream,,,,,,,,,,2.0,4.0,0.0,0.0,0.0,0.0,0.0,0.0,0.0,0.0,0.0,0.0,11
16134,Absolutly Screwed Up,Absolut Citron,Orange juice,Triple sec,Ginger ale,,,,,,,,,1.5,1.5,1.5,0.0,0.0,0.0,0.0,0.0,0.0,0.0,0.0,0.0,10
17005,A True Amaretto Sour,Amaretto,Lemon,Ice,Maraschino cherry,,,,,,,,,1.5,2.0,0.0,0.0,0.0,0.0,0.0,0.0,0.0,0.0,0.0,0.0,12
17204,Long Island Iced Tea,Vodka,Tequila,Light rum,Gin,Coca-Cola,Lemon peel,,,,,,,2.0,2.0,2.0,2.0,0.25,0.0,0.0,0.0,0.0,0.0,0.0,0.0,41
17214,Russian Spring Punch,Vodka,Creme de Cassis,Sugar Syrup,Lemon Juice,,,,,,,,,1.6900000000000002,1.6900000000000002,0.338,1.6900000000000002,0.0,0.0,0.0,0.0,0.0,0.0,0.0,0.0,19
178329,Captain Kidd's Punch,Rum,Lime Juice,Egg White,Bitters,Sugar,Nutmeg,,,,,,,3.0,1.5,1.5,0.25,0.0,0.0,0.0,0.0,0.0,0.0,0.0,0.0,22
11010,After Dinner Cocktail,Apricot brandy,Triple sec,Lime,Lime,,,,,,,,,1.0,1.0,1.0,0.0,0.0,0.0,0.0,0.0,0.0,0.0,0.0,0.0,24
11011,After Supper Cocktail,Triple sec,Apricot brandy,Lemon juice,,,,,,,,,,1.0,1.0,0.334,0.0,0.0,0.0,0.0,0.0,0.0,0.0,0.0,0.0,30
11145,Classic Old-Fashioned,Bitters,Water,Sugar,Bourbon,Orange,Maraschino cherry,,,,,,,0.75,0.167,0.0,3.0,0.0,0.0,0.0,0.0,0.0,0.0,0.0,0.0,49
11339,English Rose Cocktail,Apricot brandy,Gin,Dry Vermouth,Grenadine,Lemon juice,Cherry,,,,,,,4.0,1.5,4.0,0.167,0.668,0.0,0.0,0.0,0.0,0.0,0.0,0.0,28
11985,Quarter Deck Cocktail,Light rum,Sherry,Lime,,,,,,,,,,0.0,3.0,2.0,0.0,0.0,0.0,0.0,0.0,0.0,0.0,0.0,0.0,0
12716,Mango Orange Smoothie,Mango,Orange,,,,,,,,,,,0.0,0.0,0.0,0.0,0.0,0.0,0.0,0.0,0.0,0.0,0.0,0.0,0
16202,Amaretto Sweet & Sour,Amaretto,Sweet and sour,Midori melon liqueur,Pineapple juice,,,,,,,,,0.0,0.0,0.0,0.0,0.0,0.0,0.0,0.0,0.0,0.0,0.0,0.0,0
17065,Caribbean Boilermaker,Corona,Light rum,,,,,,,,,,,12.0,1.5,0.0,0.0,0.0,0.0,0.0,0.0,0.0,0.0,0.0,0.0,5
17229,Adios Amigos Cocktail,Rum,Dry Vermouth,Cognac,Gin,Fresh Lime Juice,Sugar Syrup,Water,,,,,,1.5,3.0,3.0,3.0,6.0,6.0,3.0,0.0,0.0,0.0,0.0,0.0,14
17233,Salted Toffee Martini,Gin,Chocolate liqueur,Amaretto,Chocolate Sauce,Salted Chocolate,,,,,,,,0.0,0.0,0.16899999999999998,0.0,0.0,0.0,0.0,0.0,0.0,0.0,0.0,0.0,28
178323,Passion Fruit Martini,Vodka,Sugar Syrup,Passion fruit juice,,,,,,,,,,1.5,3.0,0.0,0.0,0.0,0.0,0.0,0.0,0.0,0.0,0.0,0.0,14
12720,Kill the cold Smoothie,Ginger,Lemon,Water,,,,,,,,,,1.0,0.0,8.0,0.0,0.0,0.0,0.0,0.0,0.0,0.0,0.0,0.0,4
14588,151 Florida Bushwacker,Malibu rum,Light rum,151 proof rum,Dark Creme de Cacao,Cointreau,Milk,Coconut liqueur,Vanilla ice-cream,,,,,2.0,2.0,2.0,1.0,1.0,3.0,1.0,8.0,0.0,0.0,0.0,0.0,19
15675,A midsummernight dream,Vodka,Kirschwasser,Strawberry liqueur,Strawberries,Schweppes Russchian,,,,,,,,2.0,1.0,0.167,0.0,0.0,0.0,0.0,0.0,0.0,0.0,0.0,0.0,26
16958,Apple Pie with A Crust,Apple juice,Malibu rum,Cinnamon,,,,,,,,,,4.5,1.5,0.75,0.0,0.0,0.0,0.0,0.0,0.0,0.0,0.0,0.0,15
178334,Death in the Afternoon,Absinthe,Champagne,,,,,,,,,,,3.0,0.0,0.0,0.0,0.0,0.0,0.0,0.0,0.0,0.0,0.0,0.0,0
178346,Elderflower Caipirinha,Cachaca,Lime,Elderflower cordial,,,,,,,,,,0.0,0.0,1.014,0.0,0.0,0.0,0.0,0.0,0.0,0.0,0.0,0.0,0
17832,A Night In Old Mandalay,Light rum,Añejo rum,Orange juice,Lemon juice,Ginger ale,Lemon peel,,,,,,,1.0,1.0,1.0,2.0,3.0,0.0,0.0,0.0,0.0,0.0,0.0,0.0,25
11243,Chocolate Black Russian,Kahlua,Vodka,Chocolate ice-cream,,,,,,,,,,1.0,2.0,5.0,0.0,0.0,0.0,0.0,0.0,0.0,0.0,0.0,0.0,13
11476,Highland Fling Cocktail,Scotch,Sweet Vermouth,Orange bitters,Olive,,,,,,,,,1.5,4.0,0.5,0.0,0.0,0.0,0.0,0.0,0.0,0.0,0.0,0.0,12
12656,Banana Strawberry Shake,Strawberries,Banana,Yoghurt,Milk,Honey,,,,,,,,32.0,0.0,8.0,8.0,0.0,0.0,0.0,0.0,0.0,0.0,0.0,0.0,0
16082,Almond Chocolate Coffee,Amaretto,Dark Creme de Cacao,Coffee,,,,,,,,,,4.0,2.0,8.0,0.0,0.0,0.0,0.0,0.0,0.0,0.0,0.0,0.0,11
17002,Gideon's Green Dinosaur,Dark rum,Vodka,Triple sec,Tequila,Melon liqueur,Mountain Dew,,,,,,,2.0,2.0,2.0,2.0,2.0,0.0,0.0,0.0,0.0,0.0,0.0,0.0,37
178341,Orange Rosemary Collins,Gin,Orange Juice,Lemon Juice,Rosemary Syrup,Soda Water,Rosemary,Orange Peel,,,,,,1.5,0.0,0.0,0.16899999999999998,0.0,0.0,0.0,0.0,0.0,0.0,0.0,0.0,33
12730,Castillian Hot Chocolate,Cocoa powder,Sugar,Cornstarch,Water,Milk,,,,,,,,16.0,8.0,1.169,16.0,32.0,0.0,0.0,0.0,0.0,0.0,0.0,0.0,0
12738,Hot Chocolate to Die for,Chocolate,Butter,Vanilla extract,Half-and-half,Marshmallows,,,,,,,,2.0,0.167,0.334,8.0,0.0,0.0,0.0,0.0,0.0,0.0,0.0,0.0,0
12796,Caribbean Orange Liqueur,Orange,Vodka,Sugar,,,,,,,,,,0.0,24.0,10.64,0.0,0.0,0.0,0.0,0.0,0.0,0.0,0.0,0.0,29
12914,Egg-Nog - Classic Cooked,Egg,Sugar,Salt,Milk,Vanilla extract,,,,,,,,0.0,32.0,0.668,32.0,0.167,0.0,0.0,0.0,0.0,0.0,0.0,0.0,0
14157,Ziemes Martini Apfelsaft,Vermouth,Apple juice,,,,,,,,,,,1.352,2.028,0.0,0.0,0.0,0.0,0.0,0.0,0.0,0.0,0.0,0.0,7
17174,Cherry Electric Lemonade,Gin,Tequila,Vodka,White rum,Triple Sec,Cherry Grenadine,Sweet and sour,Club soda,,,,,1.0,1.0,1.0,1.0,1.0,1.0,1.0,3.0,0.0,0.0,0.0,0.0,20
17221,Boozy Snickers Milkshake,Vanilla Ice-Cream,Milk,Godiva liqueur,Whipped Cream,caramel sauce,chocolate sauce,Mini-snickers bars,,,,,,24.0,8.0,16.0,0.0,2.0,2.0,0.0,0.0,0.0,0.0,0.0,0.0,0
11391,Frozen Pineapple Daiquiri,Light rum,Pineapple,Lime juice,Sugar,,,,,,,,,1.5,0.0,0.5,0.334,0.0,0.0,0.0,0.0,0.0,0.0,0.0,0.0,30
12854,Scottish Highland Liqueur,Johnnie Walker,Honey,Angelica root,Fennel seeds,Lemon peel,,,,,,,,25.5,12.0,0.334,0.668,4.0,0.0,0.0,0.0,0.0,0.0,0.0,0.0,0
11786,Mississippi Planters Punch,Brandy,Light rum,Bourbon,Lemon,Powdered sugar,Carbonated water,,,,,,,1.0,2.0,2.0,0.0,0.5,0.0,0.0,0.0,0.0,0.0,0.0,0.0,48
12708,Banana Cantaloupe Smoothie,Cantaloupe,Banana,,,,,,,,,,,2.0,0.0,0.0,0.0,0.0,0.0,0.0,0.0,0.0,0.0,0.0,0.0,0
14560,A.D.M. (After Dinner Mint),White Creme de Menthe,Southern Comfort,Vodka,Hot chocolate,,,,,,,,,2.0,4.0,2.0,0.0,0.0,0.0,0.0,0.0,0.0,0.0,0.0,0.0,34
15024,Absolutely Cranberry Smash,Absolut Vodka,Cranberry juice,Ginger ale,Ice,,,,,,,,,2.0,4.0,2.0,0.0,0.0,0.0,0.0,0.0,0.0,0.0,0.0,0.0,19
15300,3-Mile Long Island Iced Tea,Gin,Light rum,Tequila,Triple sec,Vodka,Coca-Cola,Sweet and sour,Bitters,Lemon,,,,2.0,2.0,2.0,2.0,2.0,2.0,0.5,0.0,0.0,0.0,0.0,0.0,32
178332,Smashed Watermelon Margarita,Watermelon,Mint,Grapefruit Juice,Lime,Tequila,Watermelon,Mint,,,,,,16.0,0.0,24.0,0.0,1.5,0.0,0.0,0.0,0.0,0.0,0.0,0.0,1
12690,Lassi - A South Indian Drink,Yoghurt,Water,Cumin seed,Salt,Mint,,,,,,,,16.0,10.0,0.334,0.668,0.668,0.0,0.0,0.0,0.0,0.0,0.0,0.0,0
12718,Pineapple Gingerale Smoothie,Ginger,Pineapple,,,,,,,,,,,4.0,0.0,0.0,0.0,0.0,0.0,0.0,0.0,0.0,0.0,0.0,0.0,37
12748,Orange Scented Hot Chocolate,Milk,Chocolate,Orange peel,Espresso,Nutmeg,,,,,,,,16.0,4.0,5.0,0.334,1.336,0.0,0.0,0.0,0.0,0.0,0.0,0.0,0
13200,Owen's Grandmother's Revenge,Whiskey,Beer,Lemonade,Ice,,,,,,,,,2.0,2.0,2.0,8.0,0.0,0.0,0.0,0.0,0.0,0.0,0.0,0.0,6
16447,Brandon and Will's Coke Float,Vanilla ice-cream,Coca-Cola,Bourbon,,,,,,,,,,4.0,12.0,2.0,0.0,0.0,0.0,0.0,0.0,0.0,0.0,0.0,0.0,7
12712,Grape lemon pineapple Smoothie,Grapes,Lemon,Pineapple,,,,,,,,,,8.0,0.0,0.0,0.0,0.0,0.0,0.0,0.0,0.0,0.0,0.0,0.0,0
16100,Amaretto Stone Sour Alternative,Sour mix,Amaretto,Tequila,Orange juice,,,,,,,,,2.0,2.0,2.0,0.0,0.0,0.0,0.0,0.0,0.0,0.0,0.0,0.0,24
12658,Banana Strawberry Shake Daiquiri,Strawberries,Banana,Apple juice,,,,,,,,,,32.0,0.0,16.0,0.0,0.0,0.0,0.0,0.0,0.0,0.0,0.0,0.0,0
16984,Radioactive Long Island Iced Tea,Rum,Vodka,Tequila,Gin,Triple sec,Chambord raspberry liqueur,Midori melon liqueur,Malibu rum,,,,,1.0,1.0,1.0,1.0,1.0,1.0,1.0,1.0,0.0,0.0,0.0,0.0,41
14029,57 Chevy with a White License Plate,Creme de Cacao,Vodka,,,,,,,,,,,1.0,1.0,0.0,0.0,0.0,0.0,0.0,0.0,0.0,0.0,0.0,0.0,33
17246,Empellón Cocina's Fat-Washed Mezcal,Mezcal,Chocolate liqueur,Coffee liqueur,,,,,,,,,,2.0,4.0,2.0,0.0,0.0,0.0,0.0,0.0,0.0,0.0,0.0,0.0,13
