,idDrink,strDrink,Drink_ABV,image
0,15997,GG,35,https://www.rokaakor.com/wp-content/uploads/2018/10/Top-5-Cocktail-Trends.jpg
1,17222,A1,4,https://www.rokaakor.com/wp-content/uploads/2018/10/Top-5-Cocktail-Trends.jpg
2,13501,ABC,0,https://www.rokaakor.com/wp-content/uploads/2018/10/Top-5-Cocktail-Trends.jpg
3,17203,Kir,0,https://www.rokaakor.com/wp-content/uploads/2018/10/Top-5-Cocktail-Trends.jpg
4,14229,747,19,https://www.rokaakor.com/wp-content/uploads/2018/10/Top-5-Cocktail-Trends.jpg
5,15288,252,23,https://www.rokaakor.com/wp-content/uploads/2018/10/Top-5-Cocktail-Trends.jpg
6,17225,Ace,9,https://www.rokaakor.com/wp-content/uploads/2018/10/Top-5-Cocktail-Trends.jpg
7,17837,Adam,29,https://www.rokaakor.com/wp-content/uploads/2018/10/Top-5-Cocktail-Trends.jpg
8,13332,B-53,13,https://www.rokaakor.com/wp-content/uploads/2018/10/Top-5-Cocktail-Trends.jpg
9,13938,AT&T,13,https://www.rokaakor.com/wp-content/uploads/2018/10/Top-5-Cocktail-Trends.jpg
10,14610,ACID,23,https://www.rokaakor.com/wp-content/uploads/2018/10/Top-5-Cocktail-Trends.jpg
11,15853,B-52,0,https://www.rokaakor.com/wp-content/uploads/2018/10/Top-5-Cocktail-Trends.jpg
12,16262,H.D.,38,https://www.rokaakor.com/wp-content/uploads/2018/10/Top-5-Cocktail-Trends.jpg
13,17141,Smut,0,https://www.rokaakor.com/wp-content/uploads/2018/10/Top-5-Cocktail-Trends.jpg
14,17208,Rose,21,https://www.rokaakor.com/wp-content/uploads/2018/10/Top-5-Cocktail-Trends.jpg
15,17833,A. J.,0,https://www.rokaakor.com/wp-content/uploads/2018/10/Top-5-Cocktail-Trends.jpg
16,17187,Derby,29,https://commons.wikimedia.org/wiki/File:IBA_Cocktail_Derby_(28968231993).jpg
17,12764,Karsk,0,https://www.rokaakor.com/wp-content/uploads/2018/10/Top-5-Cocktail-Trends.jpg
18,12776,Melya,0,https://www.rokaakor.com/wp-content/uploads/2018/10/Top-5-Cocktail-Trends.jpg
19,14598,50/50,35,https://www.rokaakor.com/wp-content/uploads/2018/10/Top-5-Cocktail-Trends.jpg
20,15328,Zorro,24,https://www.rokaakor.com/wp-content/uploads/2018/10/Top-5-Cocktail-Trends.jpg
21,17254,Bijou,45,https://www.rokaakor.com/wp-content/uploads/2018/10/Top-5-Cocktail-Trends.jpg
22,17839,Affair,0,https://www.rokaakor.com/wp-content/uploads/2018/10/Top-5-Cocktail-Trends.jpg
23,11149,Boxcar,28,https://www.rokaakor.com/wp-content/uploads/2018/10/Top-5-Cocktail-Trends.jpg
24,11872,Orgasm,22,https://www.rokaakor.com/wp-content/uploads/2018/10/Top-5-Cocktail-Trends.jpg
25,12450,Victor,25,https://www.rokaakor.com/wp-content/uploads/2018/10/Top-5-Cocktail-Trends.jpg
26,13128,Diesel,0,https://www.rokaakor.com/wp-content/uploads/2018/10/Top-5-Cocktail-Trends.jpg
27,11000,Mojito,32,https://pixabay.com/photos/cocktail-mojito-cocktail-recipe-5096281/
28,14888,Zinger,0,https://www.rokaakor.com/wp-content/uploads/2018/10/Top-5-Cocktail-Trends.jpg
29,15106,Apello,0,https://www.rokaakor.com/wp-content/uploads/2018/10/Top-5-Cocktail-Trends.jpg
30,15266,Avalon,12,https://www.rokaakor.com/wp-content/uploads/2018/10/Top-5-Cocktail-Trends.jpg
31,15691,Zoksel,0,https://www.rokaakor.com/wp-content/uploads/2018/10/Top-5-Cocktail-Trends.jpg
32,17185,Casino,26,https://www.rokaakor.com/wp-content/uploads/2018/10/Top-5-Cocktail-Trends.jpg
33,16031,Radler,0,https://www.rokaakor.com/wp-content/uploads/2018/10/Top-5-Cocktail-Trends.jpg
34,17205,Mimosa,0,https://www.rokaakor.com/wp-content/uploads/2018/10/Top-5-Cocktail-Trends.jpg
35,17215,Spritz,0,https://www.rokaakor.com/wp-content/uploads/2018/10/Top-5-Cocktail-Trends.jpg
36,17218,Vesper,27,https://www.rokaakor.com/wp-content/uploads/2018/10/Top-5-Cocktail-Trends.jpg
37,17241,Zombie,41,https://www.rokaakor.com/wp-content/uploads/2018/10/Top-5-Cocktail-Trends.jpg
38,17253,Paloma,15,https://www.rokaakor.com/wp-content/uploads/2018/10/Top-5-Cocktail-Trends.jpg
39,17255,Gimlet,14,https://www.rokaakor.com/wp-content/uploads/2018/10/Top-5-Cocktail-Trends.jpg
40,17835,Abilene,10,https://www.rokaakor.com/wp-content/uploads/2018/10/Top-5-Cocktail-Trends.jpg
41,11023,Almeria,31,https://www.rokaakor.com/wp-content/uploads/2018/10/Top-5-Cocktail-Trends.jpg
42,11690,Mai Tai,16,https://commons.wikimedia.org/wiki/File:Mai_Tai_(16304400706).jpg
43,11728,Martini,13,https://www.rokaakor.com/wp-content/uploads/2018/10/Top-5-Cocktail-Trends.jpg
44,11993,Quentin,12,https://www.rokaakor.com/wp-content/uploads/2018/10/Top-5-Cocktail-Trends.jpg
45,12127,Sazerac,41,https://www.rokaakor.com/wp-content/uploads/2018/10/Top-5-Cocktail-Trends.jpg
46,12130,Scooter,23,https://www.rokaakor.com/wp-content/uploads/2018/10/Top-5-Cocktail-Trends.jpg
47,12196,Sidecar,16,https://www.flickr.com/photos/mstyne/29716525626/in/dateposted/
48,12444,Vesuvio,9,https://www.rokaakor.com/wp-content/uploads/2018/10/Top-5-Cocktail-Trends.jpg
49,12446,Veteran,44,https://www.rokaakor.com/wp-content/uploads/2018/10/Top-5-Cocktail-Trends.jpg
50,12704,Limeade,0,https://www.rokaakor.com/wp-content/uploads/2018/10/Top-5-Cocktail-Trends.jpg
51,12768,Frappé,0,https://www.rokaakor.com/wp-content/uploads/2018/10/Top-5-Cocktail-Trends.jpg
52,13020,Sangria,0,https://www.rokaakor.com/wp-content/uploads/2018/10/Top-5-Cocktail-Trends.jpg
53,13222,Big Red,8,https://www.rokaakor.com/wp-content/uploads/2018/10/Top-5-Cocktail-Trends.jpg
54,17176,Ipamena,0,https://www.rokaakor.com/wp-content/uploads/2018/10/Top-5-Cocktail-Trends.jpg
55,11003,Negroni,12,https://www.thecocktaildb.com/drink/11003
56,15933,Zambeer,40,https://www.rokaakor.com/wp-content/uploads/2018/10/Top-5-Cocktail-Trends.jpg
57,17193,Stinger,18,https://www.rokaakor.com/wp-content/uploads/2018/10/Top-5-Cocktail-Trends.jpg
58,17195,Bellini,0,https://www.rokaakor.com/wp-content/uploads/2018/10/Top-5-Cocktail-Trends.jpg
59,17210,Bramble,9,https://www.rokaakor.com/wp-content/uploads/2018/10/Top-5-Cocktail-Trends.jpg
60,17217,Vampiro,15,https://www.rokaakor.com/wp-content/uploads/2018/10/Top-5-Cocktail-Trends.jpg
61,17228,Addison,18,https://www.rokaakor.com/wp-content/uploads/2018/10/Top-5-Cocktail-Trends.jpg
62,17827,Old Pal,0,https://www.rokaakor.com/wp-content/uploads/2018/10/Top-5-Cocktail-Trends.jpg
63,178349,Snowday,18,https://www.instagram.com/p/CLkmoNJFXUe/
64,17836,Acapulco,32,https://www.rokaakor.com/wp-content/uploads/2018/10/Top-5-Cocktail-Trends.jpg
65,17840,Affinity,0,https://www.rokaakor.com/wp-content/uploads/2018/10/Top-5-Cocktail-Trends.jpg
66,11046,Applecar,10,https://www.rokaakor.com/wp-content/uploads/2018/10/Top-5-Cocktail-Trends.jpg
67,11060,Balmoral,0,https://www.rokaakor.com/wp-content/uploads/2018/10/Top-5-Cocktail-Trends.jpg
68,11120,Bluebird,19,https://www.rokaakor.com/wp-content/uploads/2018/10/Top-5-Cocktail-Trends.jpg
69,11006,Daiquiri,19,https://commons.wikimedia.org/wiki/File:Classic_Daiquiri_in_Cocktail_Glass.jpg
70,11410,Gin Fizz,17,https://commons.wikimedia.org/wiki/File:15-09-26-RalfR-WLC-0032.jpg
71,11417,Gin Sour,22,https://pixabay.com/photos/gin-and-tonic-gin-sour-cocktail-4499713/
72,11422,Godchild,23,https://www.rokaakor.com/wp-content/uploads/2018/10/Top-5-Cocktail-Trends.jpg
73,11600,Kamikaze,24,https://commons.wikimedia.org/wiki/File:Kamikaze-cocktail.jpg
74,11936,Pink Gin,26,https://www.rokaakor.com/wp-content/uploads/2018/10/Top-5-Cocktail-Trends.jpg
75,12093,Rum Sour,28,https://www.rokaakor.com/wp-content/uploads/2018/10/Top-5-Cocktail-Trends.jpg
76,12388,Thriller,0,https://www.rokaakor.com/wp-content/uploads/2018/10/Top-5-Cocktail-Trends.jpg
77,13539,Ice Pick,8,https://www.rokaakor.com/wp-content/uploads/2018/10/Top-5-Cocktail-Trends.jpg
78,13581,410 Gone,42,https://www.rokaakor.com/wp-content/uploads/2018/10/Top-5-Cocktail-Trends.jpg
79,14195,Snowball,17,https://www.rokaakor.com/wp-content/uploads/2018/10/Top-5-Cocktail-Trends.jpg
80,17180,Aviation,25,https://www.flickr.com/photos/mstyne/27859363080/in/dateposted/
81,15409,Danbooka,21,https://www.rokaakor.com/wp-content/uploads/2018/10/Top-5-Cocktail-Trends.jpg
82,16985,Shot-gun,0,https://www.rokaakor.com/wp-content/uploads/2018/10/Top-5-Cocktail-Trends.jpg
83,17105,501 Blue,0,https://www.rokaakor.com/wp-content/uploads/2018/10/Top-5-Cocktail-Trends.jpg
84,17190,Paradise,30,https://www.rokaakor.com/wp-content/uploads/2018/10/Top-5-Cocktail-Trends.jpg
85,178310,Brooklyn,20,https://www.rokaakor.com/wp-content/uploads/2018/10/Top-5-Cocktail-Trends.jpg
86,178322,Spice 75,0,https://www.rokaakor.com/wp-content/uploads/2018/10/Top-5-Cocktail-Trends.jpg
87,11014,Alexander,12,https://www.pxfuel.com/en/free-photo-expqp
88,11020,Algonquin,0,https://www.rokaakor.com/wp-content/uploads/2018/10/Top-5-Cocktail-Trends.jpg
89,11021,Allegheny,30,https://www.rokaakor.com/wp-content/uploads/2018/10/Top-5-Cocktail-Trends.jpg
90,11055,Artillery,24,https://www.rokaakor.com/wp-content/uploads/2018/10/Top-5-Cocktail-Trends.jpg
91,11124,Boomerang,18,https://www.rokaakor.com/wp-content/uploads/2018/10/Top-5-Cocktail-Trends.jpg
92,11320,Dragonfly,37,https://www.rokaakor.com/wp-content/uploads/2018/10/Top-5-Cocktail-Trends.jpg
93,11375,Foxy Lady,9,https://www.rokaakor.com/wp-content/uploads/2018/10/Top-5-Cocktail-Trends.jpg
94,11408,Gin Daisy,20,https://www.rokaakor.com/wp-content/uploads/2018/10/Top-5-Cocktail-Trends.jpg
95,11415,Gin Sling,17,https://www.thecocktaildb.com/drink/11415
96,11416,Gin Smash,21,https://commons.wikimedia.org/wiki/File:Gin_Basil_Smash.jpg
97,11420,Gin Toddy,27,https://www.rokaakor.com/wp-content/uploads/2018/10/Top-5-Cocktail-Trends.jpg
98,11423,Godfather,20,https://www.thecocktaildb.com/drink/11423-Godfather
99,11424,Godmother,31,https://www.thecocktaildb.com/drink/11424-Godmother
100,11938,Pink Lady,30,https://www.rokaakor.com/wp-content/uploads/2018/10/Top-5-Cocktail-Trends.jpg
101,11987,Queen Bee,23,https://www.rokaakor.com/wp-content/uploads/2018/10/Top-5-Cocktail-Trends.jpg
102,12097,Rum Toddy,35,https://www.rokaakor.com/wp-content/uploads/2018/10/Top-5-Cocktail-Trends.jpg
103,12107,Salty Dog,7,https://www.rokaakor.com/wp-content/uploads/2018/10/Top-5-Cocktail-Trends.jpg
104,12436,Van Vleet,28,https://www.rokaakor.com/wp-content/uploads/2018/10/Top-5-Cocktail-Trends.jpg
105,12560,Afterglow,0,https://www.rokaakor.com/wp-content/uploads/2018/10/Top-5-Cocktail-Trends.jpg
106,12572,Bora Bora,0,https://www.rokaakor.com/wp-content/uploads/2018/10/Top-5-Cocktail-Trends.jpg
107,12618,Orangeade,0,https://www.rokaakor.com/wp-content/uploads/2018/10/Top-5-Cocktail-Trends.jpg
108,12668,Egg Cream,0,https://www.rokaakor.com/wp-content/uploads/2018/10/Top-5-Cocktail-Trends.jpg
109,12756,Autodafé,35,https://www.rokaakor.com/wp-content/uploads/2018/10/Top-5-Cocktail-Trends.jpg
110,12758,Gagliardo,24,https://www.rokaakor.com/wp-content/uploads/2018/10/Top-5-Cocktail-Trends.jpg
111,12856,Tia-Maria,14,https://www.rokaakor.com/wp-content/uploads/2018/10/Top-5-Cocktail-Trends.jpg
112,12944,Gluehwein,0,https://www.rokaakor.com/wp-content/uploads/2018/10/Top-5-Cocktail-Trends.jpg
113,11007,Margarita,28,https://commons.wikimedia.org/wiki/File:Klassiche_Margarita.jpg
114,13162,Afternoon,5,https://www.rokaakor.com/wp-content/uploads/2018/10/Top-5-Cocktail-Trends.jpg
115,11008,Manhattan,25,https://commons.wikimedia.org/wiki/File:Oak_Fired_Manhattan_-_Stierch_1.jpg
116,14378,Lunch Box,0,https://www.rokaakor.com/wp-content/uploads/2018/10/Top-5-Cocktail-Trends.jpg
117,14978,Rum Punch,0,https://www.rokaakor.com/wp-content/uploads/2018/10/Top-5-Cocktail-Trends.jpg
118,15182,After sex,28,https://www.rokaakor.com/wp-content/uploads/2018/10/Top-5-Cocktail-Trends.jpg
119,17209,Barracuda,24,https://www.rokaakor.com/wp-content/uploads/2018/10/Top-5-Cocktail-Trends.jpg
120,15941,Americano,0,https://commons.wikimedia.org/wiki/File:Martini_Americano.jpg
121,16178,Jitterbug,23,https://www.rokaakor.com/wp-content/uploads/2018/10/Top-5-Cocktail-Trends.jpg
122,16311,Applejack,18,https://www.rokaakor.com/wp-content/uploads/2018/10/Top-5-Cocktail-Trends.jpg
123,16333,Adam Bomb,5,https://www.rokaakor.com/wp-content/uploads/2018/10/Top-5-Cocktail-Trends.jpg
124,16419,Avalanche,0,https://www.rokaakor.com/wp-content/uploads/2018/10/Top-5-Cocktail-Trends.jpg
125,16963,Zorbatini,40,https://www.rokaakor.com/wp-content/uploads/2018/10/Top-5-Cocktail-Trends.jpg
126,16991,Downshift,18,https://www.rokaakor.com/wp-content/uploads/2018/10/Top-5-Cocktail-Trends.jpg
127,17178,Jam Donut,23,https://www.rokaakor.com/wp-content/uploads/2018/10/Top-5-Cocktail-Trends.jpg
128,17035,Buccaneer,0,https://www.rokaakor.com/wp-content/uploads/2018/10/Top-5-Cocktail-Trends.jpg
129,17197,French 75,7,https://pixabay.com/de/photos/champagner-cocktail-french-75-5374793/
130,17227,Addington,0,https://www.rokaakor.com/wp-content/uploads/2018/10/Top-5-Cocktail-Trends.jpg
131,17249,Pegu Club,5,https://www.rokaakor.com/wp-content/uploads/2018/10/Top-5-Cocktail-Trends.jpg
132,17252,Greyhound,14,https://www.rokaakor.com/wp-content/uploads/2018/10/Top-5-Cocktail-Trends.jpg
133,17825,Brigadier,22,https://www.rokaakor.com/wp-content/uploads/2018/10/Top-5-Cocktail-Trends.jpg
134,17828,Tipperary,44,https://www.rokaakor.com/wp-content/uploads/2018/10/Top-5-Cocktail-Trends.jpg
135,178311,Broadside,15,https://www.rokaakor.com/wp-content/uploads/2018/10/Top-5-Cocktail-Trends.jpg
136,178316,Honey Bee,28,https://www.rokaakor.com/wp-content/uploads/2018/10/Top-5-Cocktail-Trends.jpg
137,178318,747 Drink,14,https://www.rokaakor.com/wp-content/uploads/2018/10/Top-5-Cocktail-Trends.jpg
138,178343,Michelada,0,https://www.rokaakor.com/wp-content/uploads/2018/10/Top-5-Cocktail-Trends.jpg
139,178345,Hot Toddy,0,https://www.flickr.com/photos/patruby/7343589018
140,178350,The Galah,11,https://www.instagram.com/p/CLFp5hqlYZC/
141,11024,Almond Joy,9,https://www.rokaakor.com/wp-content/uploads/2018/10/Top-5-Cocktail-Trends.jpg
142,11034,Angel Face,41,https://commons.wikimedia.org/wiki/File:IBA_Cocktail_Angel_Face_(28068833805).jpg
143,11052,Archbishop,25,https://www.rokaakor.com/wp-content/uploads/2018/10/Top-5-Cocktail-Trends.jpg
144,11106,Blackthorn,37,https://www.rokaakor.com/wp-content/uploads/2018/10/Top-5-Cocktail-Trends.jpg
145,11202,Caipirinha,0,https://www.thecocktaildb.com/drink/11202-Caipirinha
146,11239,Cherry Rum,34,https://www.rokaakor.com/wp-content/uploads/2018/10/Top-5-Cocktail-Trends.jpg
147,11288,Cuba Libre,23,https://commons.wikimedia.org/wiki/File:Cuba_Libre.jpg
148,11407,Gin Cooler,37,https://www.rokaakor.com/wp-content/uploads/2018/10/Top-5-Cocktail-Trends.jpg
149,11418,Gin Squirt,25,https://www.rokaakor.com/wp-content/uploads/2018/10/Top-5-Cocktail-Trends.jpg
150,12055,Royal Fizz,12,https://www.rokaakor.com/wp-content/uploads/2018/10/Top-5-Cocktail-Trends.jpg
151,12071,Rum Cooler,15,https://www.rokaakor.com/wp-content/uploads/2018/10/Top-5-Cocktail-Trends.jpg
152,12101,Rusty Nail,22,https://www.rokaakor.com/wp-content/uploads/2018/10/Top-5-Cocktail-Trends.jpg
153,12308,Stone Sour,14,https://www.rokaakor.com/wp-content/uploads/2018/10/Top-5-Cocktail-Trends.jpg
154,12518,Whisky Mac,0,https://www.rokaakor.com/wp-content/uploads/2018/10/Top-5-Cocktail-Trends.jpg
155,12752,Lemon Shot,17,https://www.rokaakor.com/wp-content/uploads/2018/10/Top-5-Cocktail-Trends.jpg
156,12910,Egg Nog #4,14,https://www.rokaakor.com/wp-content/uploads/2018/10/Top-5-Cocktail-Trends.jpg
157,13058,Wine Punch,0,https://www.rokaakor.com/wp-content/uploads/2018/10/Top-5-Cocktail-Trends.jpg
158,13196,Long vodka,11,https://www.rokaakor.com/wp-content/uploads/2018/10/Top-5-Cocktail-Trends.jpg
159,13198,Quick F**K,26,https://www.rokaakor.com/wp-content/uploads/2018/10/Top-5-Cocktail-Trends.jpg
160,13214,Pisco Sour,0,https://www.rokaakor.com/wp-content/uploads/2018/10/Top-5-Cocktail-Trends.jpg
161,13377,Sea breeze,9,https://www.rokaakor.com/wp-content/uploads/2018/10/Top-5-Cocktail-Trends.jpg
162,13395,Bob Marley,27,https://www.rokaakor.com/wp-content/uploads/2018/10/Top-5-Cocktail-Trends.jpg
163,13751,Cuba Libra,47,https://www.rokaakor.com/wp-content/uploads/2018/10/Top-5-Cocktail-Trends.jpg
164,13775,Jelly Bean,21,https://www.rokaakor.com/wp-content/uploads/2018/10/Top-5-Cocktail-Trends.jpg
165,13807,After Five,0,https://www.rokaakor.com/wp-content/uploads/2018/10/Top-5-Cocktail-Trends.jpg
166,13837,Kir Royale,0,https://www.rokaakor.com/wp-content/uploads/2018/10/Top-5-Cocktail-Trends.jpg
167,13847,Jackhammer,14,https://www.rokaakor.com/wp-content/uploads/2018/10/Top-5-Cocktail-Trends.jpg
168,13899,3 Wise Men,0,https://www.rokaakor.com/wp-content/uploads/2018/10/Top-5-Cocktail-Trends.jpg
169,13936,Miami Vice,47,https://www.rokaakor.com/wp-content/uploads/2018/10/Top-5-Cocktail-Trends.jpg
170,13940,69 Special,6,https://www.rokaakor.com/wp-content/uploads/2018/10/Top-5-Cocktail-Trends.jpg
171,14181,Cafe Savoy,15,https://www.rokaakor.com/wp-content/uploads/2018/10/Top-5-Cocktail-Trends.jpg
172,14366,Lemon Drop,33,https://www.rokaakor.com/wp-content/uploads/2018/10/Top-5-Cocktail-Trends.jpg
173,14456,Kurant Tea,0,https://www.rokaakor.com/wp-content/uploads/2018/10/Top-5-Cocktail-Trends.jpg
174,14538,Bumble Bee,24,https://www.rokaakor.com/wp-content/uploads/2018/10/Top-5-Cocktail-Trends.jpg
175,14608,Cream Soda,47,https://www.rokaakor.com/wp-content/uploads/2018/10/Top-5-Cocktail-Trends.jpg
176,14730,Bubble Gum,0,https://www.rokaakor.com/wp-content/uploads/2018/10/Top-5-Cocktail-Trends.jpg
177,14752,Kiwi Lemon,0,https://www.rokaakor.com/wp-content/uploads/2018/10/Top-5-Cocktail-Trends.jpg
178,15006,Turkeyball,20,https://www.rokaakor.com/wp-content/uploads/2018/10/Top-5-Cocktail-Trends.jpg
179,15254,Zenmeister,17,https://www.rokaakor.com/wp-content/uploads/2018/10/Top-5-Cocktail-Trends.jpg
180,15427,Grand Blue,14,https://www.rokaakor.com/wp-content/uploads/2018/10/Top-5-Cocktail-Trends.jpg
181,15761,Quick-sand,40,https://www.rokaakor.com/wp-content/uploads/2018/10/Top-5-Cocktail-Trends.jpg
182,16041,Mudslinger,0,https://www.rokaakor.com/wp-content/uploads/2018/10/Top-5-Cocktail-Trends.jpg
183,16196,Moranguito,0,https://www.rokaakor.com/wp-content/uploads/2018/10/Top-5-Cocktail-Trends.jpg
184,16250,Rum Runner,10,https://www.rokaakor.com/wp-content/uploads/2018/10/Top-5-Cocktail-Trends.jpg
185,16942,Zipperhead,29,https://www.rokaakor.com/wp-content/uploads/2018/10/Top-5-Cocktail-Trends.jpg
186,16967,Vodka Fizz,14,https://www.rokaakor.com/wp-content/uploads/2018/10/Top-5-Cocktail-Trends.jpg
187,16986,Bible Belt,21,https://www.rokaakor.com/wp-content/uploads/2018/10/Top-5-Cocktail-Trends.jpg
188,17120,Brain Fart,19,https://www.rokaakor.com/wp-content/uploads/2018/10/Top-5-Cocktail-Trends.jpg
189,17192,Porto flip,9,https://www.rokaakor.com/wp-content/uploads/2018/10/Top-5-Cocktail-Trends.jpg
190,17194,White Lady,0,https://www.rokaakor.com/wp-content/uploads/2018/10/Top-5-Cocktail-Trends.jpg
191,17206,Mint Julep,54,https://www.rokaakor.com/wp-content/uploads/2018/10/Top-5-Cocktail-Trends.jpg
192,17226,Adam & Eve,3,https://www.rokaakor.com/wp-content/uploads/2018/10/Top-5-Cocktail-Trends.jpg
193,17230,Gin Rickey,17,https://www.rokaakor.com/wp-content/uploads/2018/10/Top-5-Cocktail-Trends.jpg
194,17256,Martinez 2,16,https://www.rokaakor.com/wp-content/uploads/2018/10/Top-5-Cocktail-Trends.jpg
195,17829,Penicillin,1,https://www.rokaakor.com/wp-content/uploads/2018/10/Top-5-Cocktail-Trends.jpg
196,17830,Corn n Oil,17,https://www.rokaakor.com/wp-content/uploads/2018/10/Top-5-Cocktail-Trends.jpg
197,178319,Aquamarine,9,https://www.rokaakor.com/wp-content/uploads/2018/10/Top-5-Cocktail-Trends.jpg
198,11113,Bloody Mary,12,https://www.thecocktaildb.com/drink/11113-Bloody-Mary
199,11117,Blue Lagoon,21,https://www.rokaakor.com/wp-content/uploads/2018/10/Top-5-Cocktail-Trends.jpg
200,11129,Boston Sour,0,https://www.rokaakor.com/wp-content/uploads/2018/10/Top-5-Cocktail-Trends.jpg
201,11164,Brandy Flip,15,https://www.rokaakor.com/wp-content/uploads/2018/10/Top-5-Cocktail-Trends.jpg
202,11170,Brandy Sour,19,https://www.rokaakor.com/wp-content/uploads/2018/10/Top-5-Cocktail-Trends.jpg
203,11222,Casa Blanca,40,https://www.rokaakor.com/wp-content/uploads/2018/10/Top-5-Cocktail-Trends.jpg
204,11324,Dry Rob Roy,0,https://www.rokaakor.com/wp-content/uploads/2018/10/Top-5-Cocktail-Trends.jpg
205,11382,Frisco Sour,8,https://www.rokaakor.com/wp-content/uploads/2018/10/Top-5-Cocktail-Trends.jpg
206,11419,Gin Swizzle,10,https://www.rokaakor.com/wp-content/uploads/2018/10/Top-5-Cocktail-Trends.jpg
207,11433,Grass Skirt,22,https://www.rokaakor.com/wp-content/uploads/2018/10/Top-5-Cocktail-Trends.jpg
208,11658,Loch Lomond,13,https://www.rokaakor.com/wp-content/uploads/2018/10/Top-5-Cocktail-Trends.jpg
209,11662,London Town,33,https://www.rokaakor.com/wp-content/uploads/2018/10/Top-5-Cocktail-Trends.jpg
210,12067,Rum Cobbler,18,https://www.rokaakor.com/wp-content/uploads/2018/10/Top-5-Cocktail-Trends.jpg
211,12158,Scotch Sour,0,https://www.rokaakor.com/wp-content/uploads/2018/10/Top-5-Cocktail-Trends.jpg
212,12162,Screwdriver,42,https://www.rokaakor.com/wp-content/uploads/2018/10/Top-5-Cocktail-Trends.jpg
213,12190,Sherry Flip,0,https://www.rokaakor.com/wp-content/uploads/2018/10/Top-5-Cocktail-Trends.jpg
214,12402,Tom Collins,11,https://commons.wikimedia.org/wiki/File:Tom_Collins.jpg
215,12674,Fruit Shake,0,https://www.rokaakor.com/wp-content/uploads/2018/10/Top-5-Cocktail-Trends.jpg
216,12692,Lassi Khara,0,https://www.rokaakor.com/wp-content/uploads/2018/10/Top-5-Cocktail-Trends.jpg
217,12694,Lassi Raita,0,https://www.rokaakor.com/wp-content/uploads/2018/10/Top-5-Cocktail-Trends.jpg
218,12702,Lemouroudji,0,https://www.rokaakor.com/wp-content/uploads/2018/10/Top-5-Cocktail-Trends.jpg
219,12726,Tomato Tang,0,https://www.rokaakor.com/wp-content/uploads/2018/10/Top-5-Cocktail-Trends.jpg
220,12770,Iced Coffee,0,https://www.rokaakor.com/wp-content/uploads/2018/10/Top-5-Cocktail-Trends.jpg
221,12774,Masala Chai,0,https://www.rokaakor.com/wp-content/uploads/2018/10/Top-5-Cocktail-Trends.jpg
222,12782,Thai Coffee,0,https://www.rokaakor.com/wp-content/uploads/2018/10/Top-5-Cocktail-Trends.jpg
223,12790,Absinthe #2,40,https://www.rokaakor.com/wp-content/uploads/2018/10/Top-5-Cocktail-Trends.jpg
224,12820,Irish Cream,0,https://www.rokaakor.com/wp-content/uploads/2018/10/Top-5-Cocktail-Trends.jpg
225,17186,Clover Club,14,https://www.rokaakor.com/wp-content/uploads/2018/10/Top-5-Cocktail-Trends.jpg
226,12988,Mulled Wine,21,https://www.rokaakor.com/wp-content/uploads/2018/10/Top-5-Cocktail-Trends.jpg
227,13056,Wine Cooler,0,https://www.rokaakor.com/wp-content/uploads/2018/10/Top-5-Cocktail-Trends.jpg
228,11009,Moscow Mule,31,"https://commons.wikimedia.org/wiki/File:Moscow_Mule_at_Rye,_San_Francisco.jpg"
229,13282,Black & Tan,0,https://www.rokaakor.com/wp-content/uploads/2018/10/Top-5-Cocktail-Trends.jpg
230,13405,Brainteaser,17,https://www.rokaakor.com/wp-content/uploads/2018/10/Top-5-Cocktail-Trends.jpg
231,14087,Red Snapper,9,https://www.rokaakor.com/wp-content/uploads/2018/10/Top-5-Cocktail-Trends.jpg
232,14209,Mocha-Berry,3,https://www.rokaakor.com/wp-content/uploads/2018/10/Top-5-Cocktail-Trends.jpg
233,14360,Absolut Sex,19,https://www.rokaakor.com/wp-content/uploads/2018/10/Top-5-Cocktail-Trends.jpg
234,14364,Aztec Punch,22,https://www.rokaakor.com/wp-content/uploads/2018/10/Top-5-Cocktail-Trends.jpg
235,14622,Arctic Fish,13,https://www.rokaakor.com/wp-content/uploads/2018/10/Top-5-Cocktail-Trends.jpg
236,14642,Grim Reaper,20,https://www.rokaakor.com/wp-content/uploads/2018/10/Top-5-Cocktail-Trends.jpg
237,14956,Jello shots,15,https://www.rokaakor.com/wp-content/uploads/2018/10/Top-5-Cocktail-Trends.jpg
238,15082,Royal Flush,6,https://www.rokaakor.com/wp-content/uploads/2018/10/Top-5-Cocktail-Trends.jpg
239,15346,155 Belmont,36,https://www.rokaakor.com/wp-content/uploads/2018/10/Top-5-Cocktail-Trends.jpg
240,15511,Baby Eskimo,0,https://www.rokaakor.com/wp-content/uploads/2018/10/Top-5-Cocktail-Trends.jpg
241,15639,Texas Sling,20,https://www.rokaakor.com/wp-content/uploads/2018/10/Top-5-Cocktail-Trends.jpg
242,16108,9 1/2 Weeks,0,https://www.rokaakor.com/wp-content/uploads/2018/10/Top-5-Cocktail-Trends.jpg
243,16990,Sweet Tooth,0,https://www.rokaakor.com/wp-content/uploads/2018/10/Top-5-Cocktail-Trends.jpg
244,16995,Orange Whip,12,https://www.rokaakor.com/wp-content/uploads/2018/10/Top-5-Cocktail-Trends.jpg
245,17122,Royal Bitch,12,https://www.rokaakor.com/wp-content/uploads/2018/10/Top-5-Cocktail-Trends.jpg
246,17135,Citrus Coke,0,https://www.rokaakor.com/wp-content/uploads/2018/10/Top-5-Cocktail-Trends.jpg
247,17220,Butter Baby,14,https://www.rokaakor.com/wp-content/uploads/2018/10/Top-5-Cocktail-Trends.jpg
248,17200,Grasshopper,0,https://www.rokaakor.com/wp-content/uploads/2018/10/Top-5-Cocktail-Trends.jpg
249,17207,Pina Colada,23,https://www.rokaakor.com/wp-content/uploads/2018/10/Top-5-Cocktail-Trends.jpg
250,17219,Yellow Bird,25,https://www.rokaakor.com/wp-content/uploads/2018/10/Top-5-Cocktail-Trends.jpg
251,17267,Bahama Mama,17,https://www.rokaakor.com/wp-content/uploads/2018/10/Top-5-Cocktail-Trends.jpg
252,11005,Dry Martini,13,https://www.thecocktaildb.com/drink/11005
253,178315,Munich Mule,26,https://www.rokaakor.com/wp-content/uploads/2018/10/Top-5-Cocktail-Trends.jpg
254,178317,Bee's Knees,29,https://www.rokaakor.com/wp-content/uploads/2018/10/Top-5-Cocktail-Trends.jpg
255,178344,Figgy Thyme,31,https://www.instagram.com/p/CIN68pSFMUG/
256,178347,Winter Rita,5,https://www.instagram.com/p/CLj-ofvF0tR/
257,11029,Amaretto Tea,7,https://www.rokaakor.com/wp-content/uploads/2018/10/Top-5-Cocktail-Trends.jpg
258,11050,Apricot Lady,25,https://www.rokaakor.com/wp-content/uploads/2018/10/Top-5-Cocktail-Trends.jpg
259,11112,Bloody Maria,12,https://www.rokaakor.com/wp-content/uploads/2018/10/Top-5-Cocktail-Trends.jpg
260,11147,Bourbon Sour,38,https://www.rokaakor.com/wp-content/uploads/2018/10/Top-5-Cocktail-Trends.jpg
261,11242,Chicago Fizz,11,https://www.rokaakor.com/wp-content/uploads/2018/10/Top-5-Cocktail-Trends.jpg
262,11251,City Slicker,32,https://www.rokaakor.com/wp-content/uploads/2018/10/Top-5-Cocktail-Trends.jpg
263,11528,Irish Spring,16,https://www.rokaakor.com/wp-content/uploads/2018/10/Top-5-Cocktail-Trends.jpg
264,11580,John Collins,21,https://commons.wikimedia.org/wiki/File:IBA_Cocktail_John_Collins_(29221732881).jpg
265,11870,Orange Oasis,18,https://www.rokaakor.com/wp-content/uploads/2018/10/Top-5-Cocktail-Trends.jpg
266,12256,Sol Y Sombra,36,https://www.rokaakor.com/wp-content/uploads/2018/10/Top-5-Cocktail-Trends.jpg
267,12362,Tequila Fizz,13,https://www.rokaakor.com/wp-content/uploads/2018/10/Top-5-Cocktail-Trends.jpg
268,12370,Tequila Sour,21,https://www.rokaakor.com/wp-content/uploads/2018/10/Top-5-Cocktail-Trends.jpg
269,11004,Whiskey Sour,0,https://commons.wikimedia.org/wiki/File:15-09-26-RalfR-WLC-0191.jpg
270,12564,Apple Karate,0,https://www.rokaakor.com/wp-content/uploads/2018/10/Top-5-Cocktail-Trends.jpg
271,12670,Fruit Cooler,0,https://www.rokaakor.com/wp-content/uploads/2018/10/Top-5-Cocktail-Trends.jpg
272,12762,Grizzly Bear,11,https://www.rokaakor.com/wp-content/uploads/2018/10/Top-5-Cocktail-Trends.jpg
273,12800,Coffee-Vodka,8,https://www.rokaakor.com/wp-content/uploads/2018/10/Top-5-Cocktail-Trends.jpg
274,12876,Berry Deadly,6,https://www.rokaakor.com/wp-content/uploads/2018/10/Top-5-Cocktail-Trends.jpg
275,13066,Bruce's Puce,0,https://www.rokaakor.com/wp-content/uploads/2018/10/Top-5-Cocktail-Trends.jpg
276,13206,Caipirissima,35,https://www.rokaakor.com/wp-content/uploads/2018/10/Top-5-Cocktail-Trends.jpg
277,13423,Atlantic Sun,12,https://www.rokaakor.com/wp-content/uploads/2018/10/Top-5-Cocktail-Trends.jpg
278,13497,Green Goblin,0,https://www.rokaakor.com/wp-content/uploads/2018/10/Top-5-Cocktail-Trends.jpg
279,13971,Irish Coffee,0,https://www.rokaakor.com/wp-content/uploads/2018/10/Top-5-Cocktail-Trends.jpg
280,14071,Belgian Blue,21,https://www.rokaakor.com/wp-content/uploads/2018/10/Top-5-Cocktail-Trends.jpg
281,14095,Jamaica Kiss,23,https://www.rokaakor.com/wp-content/uploads/2018/10/Top-5-Cocktail-Trends.jpg
282,14466,Dirty Nipple,0,https://www.rokaakor.com/wp-content/uploads/2018/10/Top-5-Cocktail-Trends.jpg
283,14860,Talos Coffee,0,https://www.rokaakor.com/wp-content/uploads/2018/10/Top-5-Cocktail-Trends.jpg
284,15330,Orange Crush,24,https://www.rokaakor.com/wp-content/uploads/2018/10/Top-5-Cocktail-Trends.jpg
285,15515,Tennesee Mud,7,https://www.rokaakor.com/wp-content/uploads/2018/10/Top-5-Cocktail-Trends.jpg
286,15567,Adam Sunrise,0,https://www.rokaakor.com/wp-content/uploads/2018/10/Top-5-Cocktail-Trends.jpg
287,15813,Herbal flame,0,https://www.rokaakor.com/wp-content/uploads/2018/10/Top-5-Cocktail-Trends.jpg
288,15841,Mojito Extra,23,https://www.rokaakor.com/wp-content/uploads/2018/10/Top-5-Cocktail-Trends.jpg
289,16047,Campari Beer,0,https://www.rokaakor.com/wp-content/uploads/2018/10/Top-5-Cocktail-Trends.jpg
290,16273,Shark Attack,8,https://www.rokaakor.com/wp-content/uploads/2018/10/Top-5-Cocktail-Trends.jpg
291,16289,Apple Grande,27,https://www.rokaakor.com/wp-content/uploads/2018/10/Top-5-Cocktail-Trends.jpg
292,16951,Kioki Coffee,28,https://www.rokaakor.com/wp-content/uploads/2018/10/Top-5-Cocktail-Trends.jpg
293,16992,Pink Penocha,0,https://www.rokaakor.com/wp-content/uploads/2018/10/Top-5-Cocktail-Trends.jpg
294,17027,Zima Blaster,10,https://www.rokaakor.com/wp-content/uploads/2018/10/Top-5-Cocktail-Trends.jpg
295,17066,Army special,0,https://www.rokaakor.com/wp-content/uploads/2018/10/Top-5-Cocktail-Trends.jpg
296,17114,Ruby Tuesday,9,https://www.rokaakor.com/wp-content/uploads/2018/10/Top-5-Cocktail-Trends.jpg
297,17189,Monkey Gland,18,https://www.rokaakor.com/wp-content/uploads/2018/10/Top-5-Cocktail-Trends.jpg
298,17196,Cosmopolitan,3,https://www.rokaakor.com/wp-content/uploads/2018/10/Top-5-Cocktail-Trends.jpg
299,17199,Golden dream,18,https://www.rokaakor.com/wp-content/uploads/2018/10/Top-5-Cocktail-Trends.jpg
300,17202,Horse's Neck,35,https://www.rokaakor.com/wp-content/uploads/2018/10/Top-5-Cocktail-Trends.jpg
301,17251,Boulevardier,0,https://www.rokaakor.com/wp-content/uploads/2018/10/Top-5-Cocktail-Trends.jpg
302,178312,Bloody Punch,0,https://www.rokaakor.com/wp-content/uploads/2018/10/Top-5-Cocktail-Trends.jpg
303,178338,Pure Passion,0,https://www.rokaakor.com/wp-content/uploads/2018/10/Top-5-Cocktail-Trends.jpg
304,178342,Gin and Soda,10,https://www.rokaakor.com/wp-content/uploads/2018/10/Top-5-Cocktail-Trends.jpg
305,11026,Amaretto Mist,28,https://www.rokaakor.com/wp-content/uploads/2018/10/Top-5-Cocktail-Trends.jpg
306,11027,Amaretto Rose,12,https://www.rokaakor.com/wp-content/uploads/2018/10/Top-5-Cocktail-Trends.jpg
307,11053,Arise My Love,0,https://www.rokaakor.com/wp-content/uploads/2018/10/Top-5-Cocktail-Trends.jpg
308,11102,Black Russian,11,https://commons.wikimedia.org/wiki/File:Black_Russian.jpg
309,11001,Old Fashioned,40,https://www.thecocktaildb.com/drink/11001-Old-Fashioned-Cocktail
310,11119,Blue Mountain,31,https://www.rokaakor.com/wp-content/uploads/2018/10/Top-5-Cocktail-Trends.jpg
311,11146,Bourbon Sling,37,https://www.rokaakor.com/wp-content/uploads/2018/10/Top-5-Cocktail-Trends.jpg
312,11224,Casino Royale,18,https://www.rokaakor.com/wp-content/uploads/2018/10/Top-5-Cocktail-Trends.jpg
313,11403,Gin And Tonic,10,https://www.rokaakor.com/wp-content/uploads/2018/10/Top-5-Cocktail-Trends.jpg
314,11524,Imperial Fizz,16,https://www.rokaakor.com/wp-content/uploads/2018/10/Top-5-Cocktail-Trends.jpg
315,11558,Japanese Fizz,0,https://www.rokaakor.com/wp-content/uploads/2018/10/Top-5-Cocktail-Trends.jpg
316,11670,Lord And Lady,35,https://www.rokaakor.com/wp-content/uploads/2018/10/Top-5-Cocktail-Trends.jpg
317,11798,Monkey Wrench,14,https://www.rokaakor.com/wp-content/uploads/2018/10/Top-5-Cocktail-Trends.jpg
318,11844,New York Sour,0,https://www.rokaakor.com/wp-content/uploads/2018/10/Top-5-Cocktail-Trends.jpg
319,12188,Sherry Eggnog,0,https://www.rokaakor.com/wp-content/uploads/2018/10/Top-5-Cocktail-Trends.jpg
320,12418,Turf Cocktail,11,https://www.rokaakor.com/wp-content/uploads/2018/10/Top-5-Cocktail-Trends.jpg
321,12528,White Russian,28,https://www.rokaakor.com/wp-content/uploads/2018/10/Top-5-Cocktail-Trends.jpg
322,12630,Rail Splitter,0,https://www.rokaakor.com/wp-content/uploads/2018/10/Top-5-Cocktail-Trends.jpg
323,12696,Lassi - Sweet,0,https://www.rokaakor.com/wp-content/uploads/2018/10/Top-5-Cocktail-Trends.jpg
324,12698,Lassi - Mango,0,https://www.rokaakor.com/wp-content/uploads/2018/10/Top-5-Cocktail-Trends.jpg
325,12724,Sweet Bananas,0,https://www.rokaakor.com/wp-content/uploads/2018/10/Top-5-Cocktail-Trends.jpg
326,12766,Happy Skipper,47,https://www.rokaakor.com/wp-content/uploads/2018/10/Top-5-Cocktail-Trends.jpg
327,12786,Thai Iced Tea,0,https://www.rokaakor.com/wp-content/uploads/2018/10/Top-5-Cocktail-Trends.jpg
328,13024,Sweet Sangria,0,https://www.rokaakor.com/wp-content/uploads/2018/10/Top-5-Cocktail-Trends.jpg
329,13072,Popped cherry,7,https://www.rokaakor.com/wp-content/uploads/2018/10/Top-5-Cocktail-Trends.jpg
330,13086,Atomic Lokade,10,https://www.rokaakor.com/wp-content/uploads/2018/10/Top-5-Cocktail-Trends.jpg
331,13190,Kool-Aid Shot,40,https://www.rokaakor.com/wp-content/uploads/2018/10/Top-5-Cocktail-Trends.jpg
332,13499,Oreo Mudslide,10,https://www.rokaakor.com/wp-content/uploads/2018/10/Top-5-Cocktail-Trends.jpg
333,13683,Apple Slammer,0,https://www.rokaakor.com/wp-content/uploads/2018/10/Top-5-Cocktail-Trends.jpg
334,13731,Amaretto Sour,9,https://www.rokaakor.com/wp-content/uploads/2018/10/Top-5-Cocktail-Trends.jpg
335,13825,Midnight Manx,5,https://www.rokaakor.com/wp-content/uploads/2018/10/Top-5-Cocktail-Trends.jpg
336,14053,Mother's Milk,0,https://www.rokaakor.com/wp-content/uploads/2018/10/Top-5-Cocktail-Trends.jpg
337,14167,Vodka Martini,11,https://www.rokaakor.com/wp-content/uploads/2018/10/Top-5-Cocktail-Trends.jpg
338,14356,Blind Russian,9,https://www.rokaakor.com/wp-content/uploads/2018/10/Top-5-Cocktail-Trends.jpg
339,14688,Freddy Kruger,39,https://www.rokaakor.com/wp-content/uploads/2018/10/Top-5-Cocktail-Trends.jpg
340,14842,Midnight Mint,3,https://www.rokaakor.com/wp-content/uploads/2018/10/Top-5-Cocktail-Trends.jpg
341,15026,Kiss me Quick,8,https://www.rokaakor.com/wp-content/uploads/2018/10/Top-5-Cocktail-Trends.jpg
342,15086,Limona Corona,0,https://www.rokaakor.com/wp-content/uploads/2018/10/Top-5-Cocktail-Trends.jpg
343,15184,San Francisco,21,https://www.rokaakor.com/wp-content/uploads/2018/10/Top-5-Cocktail-Trends.jpg
344,15226,Space Odyssey,39,https://www.rokaakor.com/wp-content/uploads/2018/10/Top-5-Cocktail-Trends.jpg
345,15403,Vodka Russian,42,https://www.rokaakor.com/wp-content/uploads/2018/10/Top-5-Cocktail-Trends.jpg
346,15743,Fuzzy Asshole,0,https://www.rokaakor.com/wp-content/uploads/2018/10/Top-5-Cocktail-Trends.jpg
347,15849,Apricot punch,4,https://www.rokaakor.com/wp-content/uploads/2018/10/Top-5-Cocktail-Trends.jpg
348,16998,Bruised Heart,14,https://www.rokaakor.com/wp-content/uploads/2018/10/Top-5-Cocktail-Trends.jpg
349,17015,Irish Russian,19,https://www.rokaakor.com/wp-content/uploads/2018/10/Top-5-Cocktail-Trends.jpg
350,17060,24k nightmare,44,https://www.rokaakor.com/wp-content/uploads/2018/10/Top-5-Cocktail-Trends.jpg
351,17079,Baby Guinness,15,https://www.rokaakor.com/wp-content/uploads/2018/10/Top-5-Cocktail-Trends.jpg
352,17181,Dirty Martini,0,https://www.rokaakor.com/wp-content/uploads/2018/10/Top-5-Cocktail-Trends.jpg
353,17188,Mary Pickford,26,https://www.rokaakor.com/wp-content/uploads/2018/10/Top-5-Cocktail-Trends.jpg
354,17223,Abbey Martini,16,https://www.rokaakor.com/wp-content/uploads/2018/10/Top-5-Cocktail-Trends.jpg
355,17242,Bombay Cassis,18,https://www.rokaakor.com/wp-content/uploads/2018/10/Top-5-Cocktail-Trends.jpg
356,17239,Hunter's Moon,20,https://www.rokaakor.com/wp-content/uploads/2018/10/Top-5-Cocktail-Trends.jpg
357,17245,Rosemary Blue,0,https://www.rokaakor.com/wp-content/uploads/2018/10/Top-5-Cocktail-Trends.jpg
358,17247,The Last Word,50,https://www.rokaakor.com/wp-content/uploads/2018/10/Top-5-Cocktail-Trends.jpg
359,178321,Amaretto fizz,7,https://www.rokaakor.com/wp-content/uploads/2018/10/Top-5-Cocktail-Trends.jpg
360,178325,Aperol Spritz,0,https://www.rokaakor.com/wp-content/uploads/2018/10/Top-5-Cocktail-Trends.jpg
361,178328,Funk and Soul,23,https://www.rokaakor.com/wp-content/uploads/2018/10/Top-5-Cocktail-Trends.jpg
362,178331,Bounty Hunter,23,https://www.rokaakor.com/wp-content/uploads/2018/10/Top-5-Cocktail-Trends.jpg
363,178348,Winter Paloma,42,https://www.instagram.com/p/CLGZ97gnalH/
364,17834,Abbey Cocktail,9,https://www.rokaakor.com/wp-content/uploads/2018/10/Top-5-Cocktail-Trends.jpg
365,11019,Alfie Cocktail,31,https://www.rokaakor.com/wp-content/uploads/2018/10/Top-5-Cocktail-Trends.jpg
366,11118,Blue Margarita,19,https://www.rokaakor.com/wp-content/uploads/2018/10/Top-5-Cocktail-Trends.jpg
367,11128,Boston Sidecar,34,https://www.rokaakor.com/wp-content/uploads/2018/10/Top-5-Cocktail-Trends.jpg
368,11157,Brandy Cobbler,16,https://www.rokaakor.com/wp-content/uploads/2018/10/Top-5-Cocktail-Trends.jpg
369,11255,Clove Cocktail,25,https://www.rokaakor.com/wp-content/uploads/2018/10/Top-5-Cocktail-Trends.jpg
370,11634,Lady Love Fizz,29,https://www.rokaakor.com/wp-content/uploads/2018/10/Top-5-Cocktail-Trends.jpg
371,11959,Poppy Cocktail,10,https://www.rokaakor.com/wp-content/uploads/2018/10/Top-5-Cocktail-Trends.jpg
372,11965,Port Wine Flip,0,https://www.rokaakor.com/wp-content/uploads/2018/10/Top-5-Cocktail-Trends.jpg
373,12057,Royal Gin Fizz,17,https://www.rokaakor.com/wp-content/uploads/2018/10/Top-5-Cocktail-Trends.jpg
374,12087,Rum Milk Punch,9,https://www.rokaakor.com/wp-content/uploads/2018/10/Top-5-Cocktail-Trends.jpg
375,12138,Scotch Cobbler,10,https://www.rokaakor.com/wp-content/uploads/2018/10/Top-5-Cocktail-Trends.jpg
376,12562,Alice Cocktail,0,https://www.rokaakor.com/wp-content/uploads/2018/10/Top-5-Cocktail-Trends.jpg
377,12728,Yoghurt Cooler,0,https://www.rokaakor.com/wp-content/uploads/2018/10/Top-5-Cocktail-Trends.jpg
378,12780,Spiking coffee,0,https://www.rokaakor.com/wp-content/uploads/2018/10/Top-5-Cocktail-Trends.jpg
379,12798,Coffee Liqueur,18,https://www.rokaakor.com/wp-content/uploads/2018/10/Top-5-Cocktail-Trends.jpg
380,13328,Chocolate Milk,1,https://www.rokaakor.com/wp-content/uploads/2018/10/Top-5-Cocktail-Trends.jpg
381,13861,Nutty Irishman,19,https://www.rokaakor.com/wp-content/uploads/2018/10/Top-5-Cocktail-Trends.jpg
382,14482,Darkwood Sling,7,https://www.rokaakor.com/wp-content/uploads/2018/10/Top-5-Cocktail-Trends.jpg
383,14586,Orange Push-up,16,https://www.rokaakor.com/wp-content/uploads/2018/10/Top-5-Cocktail-Trends.jpg
384,14594,Zizi Coin-coin,28,https://www.rokaakor.com/wp-content/uploads/2018/10/Top-5-Cocktail-Trends.jpg
385,15194,Amaretto Shake,17,https://www.rokaakor.com/wp-content/uploads/2018/10/Top-5-Cocktail-Trends.jpg
386,15224,Malibu Twister,28,https://www.rokaakor.com/wp-content/uploads/2018/10/Top-5-Cocktail-Trends.jpg
387,15395,1-900-FUK-MEUP,23,https://www.rokaakor.com/wp-content/uploads/2018/10/Top-5-Cocktail-Trends.jpg
388,15521,Swedish Coffee,0,https://www.rokaakor.com/wp-content/uploads/2018/10/Top-5-Cocktail-Trends.jpg
389,16405,A Piece of Ass,31,https://www.rokaakor.com/wp-content/uploads/2018/10/Top-5-Cocktail-Trends.jpg
390,17006,Kool First Aid,40,https://www.rokaakor.com/wp-content/uploads/2018/10/Top-5-Cocktail-Trends.jpg
391,17108,Coke and Drops,0,https://www.rokaakor.com/wp-content/uploads/2018/10/Top-5-Cocktail-Trends.jpg
392,17213,French Martini,14,https://www.rokaakor.com/wp-content/uploads/2018/10/Top-5-Cocktail-Trends.jpg
393,17824,The Laverstoke,0,https://www.rokaakor.com/wp-content/uploads/2018/10/Top-5-Cocktail-Trends.jpg
394,17248,French Negroni,12,https://www.rokaakor.com/wp-content/uploads/2018/10/Top-5-Cocktail-Trends.jpg
395,17250,Corpse Reviver,17,https://www.rokaakor.com/wp-content/uploads/2018/10/Top-5-Cocktail-Trends.jpg
396,17268,Blue Hurricane,20,https://www.rokaakor.com/wp-content/uploads/2018/10/Top-5-Cocktail-Trends.jpg
397,17266,Oatmeal Cookie,0,https://www.rokaakor.com/wp-content/uploads/2018/10/Top-5-Cocktail-Trends.jpg
398,17838,Adonis Cocktail,0,https://www.rokaakor.com/wp-content/uploads/2018/10/Top-5-Cocktail-Trends.jpg
399,11012,Alabama Slammer,44,https://www.pxfuel.com/en/free-photo-eplac
400,11013,Alaska Cocktail,72,https://www.rokaakor.com/wp-content/uploads/2018/10/Top-5-Cocktail-Trends.jpg
401,11022,Allies Cocktail,15,https://www.rokaakor.com/wp-content/uploads/2018/10/Top-5-Cocktail-Trends.jpg
402,11054,Arthur Tompkins,17,https://www.rokaakor.com/wp-content/uploads/2018/10/Top-5-Cocktail-Trends.jpg
403,11064,Banana Daiquiri,23,https://www.rokaakor.com/wp-content/uploads/2018/10/Top-5-Cocktail-Trends.jpg
404,17177,Dark Caipirinha,0,https://www.rokaakor.com/wp-content/uploads/2018/10/Top-5-Cocktail-Trends.jpg
405,11368,Flying Dutchman,33,https://www.rokaakor.com/wp-content/uploads/2018/10/Top-5-Cocktail-Trends.jpg
406,178333,Raspberry Julep,32,https://www.rokaakor.com/wp-content/uploads/2018/10/Top-5-Cocktail-Trends.jpg
407,11387,Frozen Daiquiri,7,https://www.rokaakor.com/wp-content/uploads/2018/10/Top-5-Cocktail-Trends.jpg
408,11470,Havana Cocktail,21,https://www.rokaakor.com/wp-content/uploads/2018/10/Top-5-Cocktail-Trends.jpg
409,11002,Long Island Tea,32,https://pxhere.com/en/photo/1593200
410,11766,Midnight Cowboy,35,https://www.rokaakor.com/wp-content/uploads/2018/10/Top-5-Cocktail-Trends.jpg
411,11989,Queen Charlotte,0,https://www.rokaakor.com/wp-content/uploads/2018/10/Top-5-Cocktail-Trends.jpg
412,11991,Queen Elizabeth,17,https://www.rokaakor.com/wp-content/uploads/2018/10/Top-5-Cocktail-Trends.jpg
413,12091,Rum Screwdriver,10,https://www.rokaakor.com/wp-content/uploads/2018/10/Top-5-Cocktail-Trends.jpg
414,12214,Singapore Sling,17,https://www.rokaakor.com/wp-content/uploads/2018/10/Top-5-Cocktail-Trends.jpg
415,12420,Tuxedo Cocktail,17,https://www.rokaakor.com/wp-content/uploads/2018/10/Top-5-Cocktail-Trends.jpg
416,12442,Vermouth Cassis,0,https://www.rokaakor.com/wp-content/uploads/2018/10/Top-5-Cocktail-Trends.jpg
417,12452,Victory Collins,8,https://www.rokaakor.com/wp-content/uploads/2018/10/Top-5-Cocktail-Trends.jpg
418,12460,Vodka And Tonic,42,https://www.rokaakor.com/wp-content/uploads/2018/10/Top-5-Cocktail-Trends.jpg
419,12672,Fruit Flip-Flop,0,https://www.rokaakor.com/wp-content/uploads/2018/10/Top-5-Cocktail-Trends.jpg
420,12688,Just a Moonmint,0,https://www.rokaakor.com/wp-content/uploads/2018/10/Top-5-Cocktail-Trends.jpg
421,12734,Chocolate Drink,0,https://www.rokaakor.com/wp-content/uploads/2018/10/Top-5-Cocktail-Trends.jpg
422,12808,Creme de Menthe,0,https://www.rokaakor.com/wp-content/uploads/2018/10/Top-5-Cocktail-Trends.jpg
423,12870,Artillery Punch,11,https://www.rokaakor.com/wp-content/uploads/2018/10/Top-5-Cocktail-Trends.jpg
424,12890,Cranberry Punch,16,https://www.rokaakor.com/wp-content/uploads/2018/10/Top-5-Cocktail-Trends.jpg
425,12954,Holloween Punch,0,https://www.rokaakor.com/wp-content/uploads/2018/10/Top-5-Cocktail-Trends.jpg
426,13070,Fahrenheit 5000,0,https://www.rokaakor.com/wp-content/uploads/2018/10/Top-5-Cocktail-Trends.jpg
427,13389,Snake Bite (UK),0,https://www.rokaakor.com/wp-content/uploads/2018/10/Top-5-Cocktail-Trends.jpg
428,13621,Tequila Sunrise,0,https://www.rokaakor.com/wp-content/uploads/2018/10/Top-5-Cocktail-Trends.jpg
429,14065,Zippy's Revenge,18,https://www.rokaakor.com/wp-content/uploads/2018/10/Top-5-Cocktail-Trends.jpg
430,14272,Addison Special,31,https://www.rokaakor.com/wp-content/uploads/2018/10/Top-5-Cocktail-Trends.jpg
431,14782,Hot Creamy Bush,15,https://www.rokaakor.com/wp-content/uploads/2018/10/Top-5-Cocktail-Trends.jpg
432,15801,Zimadori Zinger,32,https://www.rokaakor.com/wp-content/uploads/2018/10/Top-5-Cocktail-Trends.jpg
433,15825,Jamaican Coffee,0,https://www.rokaakor.com/wp-content/uploads/2018/10/Top-5-Cocktail-Trends.jpg
434,16176,Bellini Martini,7,https://www.rokaakor.com/wp-content/uploads/2018/10/Top-5-Cocktail-Trends.jpg
435,16403,Black and Brown,0,https://www.rokaakor.com/wp-content/uploads/2018/10/Top-5-Cocktail-Trends.jpg
436,17044,Homemade Kahlua,13,https://www.rokaakor.com/wp-content/uploads/2018/10/Top-5-Cocktail-Trends.jpg
437,17074,Arizona Twister,37,https://www.rokaakor.com/wp-content/uploads/2018/10/Top-5-Cocktail-Trends.jpg
438,17168,Amaretto Sunset,9,https://www.rokaakor.com/wp-content/uploads/2018/10/Top-5-Cocktail-Trends.jpg
439,17182,Duchamp's Punch,0,https://www.rokaakor.com/wp-content/uploads/2018/10/Top-5-Cocktail-Trends.jpg
440,17191,Planter's Punch,7,https://www.flickr.com/photos/mstyne/29751995765/
441,17211,Dark and Stormy,47,https://www.rokaakor.com/wp-content/uploads/2018/10/Top-5-Cocktail-Trends.jpg
442,178306,Slippery Nipple,28,https://www.rokaakor.com/wp-content/uploads/2018/10/Top-5-Cocktail-Trends.jpg
443,178307,Tequila Slammer,22,https://www.rokaakor.com/wp-content/uploads/2018/10/Top-5-Cocktail-Trends.jpg
444,178313,Halloween Punch,0,https://www.rokaakor.com/wp-content/uploads/2018/10/Top-5-Cocktail-Trends.jpg
445,178314,Gin Basil Smash,22,https://www.rokaakor.com/wp-content/uploads/2018/10/Top-5-Cocktail-Trends.jpg
446,178320,Banana Cream Pi,35,https://www.rokaakor.com/wp-content/uploads/2018/10/Top-5-Cocktail-Trends.jpg
447,178330,The Philosopher,25,https://www.rokaakor.com/wp-content/uploads/2018/10/Top-5-Cocktail-Trends.jpg
448,11016,Brandy Alexander,14,https://commons.wikimedia.org/wiki/File:Brandy_Alexander_on_the_Rocks.jpg
449,11028,Amaretto Stinger,7,https://www.rokaakor.com/wp-content/uploads/2018/10/Top-5-Cocktail-Trends.jpg
450,11084,Bermuda Highball,26,https://www.rokaakor.com/wp-content/uploads/2018/10/Top-5-Cocktail-Trends.jpg
451,11338,English Highball,26,https://www.rokaakor.com/wp-content/uploads/2018/10/Top-5-Cocktail-Trends.jpg
452,11369,Flying Scotchman,0,https://www.rokaakor.com/wp-content/uploads/2018/10/Top-5-Cocktail-Trends.jpg
453,11396,Gentleman's Club,21,https://www.rokaakor.com/wp-content/uploads/2018/10/Top-5-Cocktail-Trends.jpg
454,11602,Kentucky B And B,52,https://www.rokaakor.com/wp-content/uploads/2018/10/Top-5-Cocktail-Trends.jpg
455,11604,Kentucky Colonel,55,https://www.rokaakor.com/wp-content/uploads/2018/10/Top-5-Cocktail-Trends.jpg
456,11666,Lone Tree Cooler,0,https://www.rokaakor.com/wp-content/uploads/2018/10/Top-5-Cocktail-Trends.jpg
457,12198,Sidecar Cocktail,14,https://www.rokaakor.com/wp-content/uploads/2018/10/Top-5-Cocktail-Trends.jpg
458,12754,Sex on the Beach,8,https://www.rokaakor.com/wp-content/uploads/2018/10/Top-5-Cocktail-Trends.jpg
459,12784,Thai Iced Coffee,0,https://www.rokaakor.com/wp-content/uploads/2018/10/Top-5-Cocktail-Trends.jpg
460,12792,Amaretto Liqueur,4,https://www.rokaakor.com/wp-content/uploads/2018/10/Top-5-Cocktail-Trends.jpg
461,12794,Angelica Liqueur,18,https://www.rokaakor.com/wp-content/uploads/2018/10/Top-5-Cocktail-Trends.jpg
462,13194,Damned if you do,0,https://www.rokaakor.com/wp-content/uploads/2018/10/Top-5-Cocktail-Trends.jpg
463,13625,Screaming Orgasm,20,https://www.rokaakor.com/wp-content/uploads/2018/10/Top-5-Cocktail-Trends.jpg
464,14446,Kool-Aid Slammer,21,https://www.rokaakor.com/wp-content/uploads/2018/10/Top-5-Cocktail-Trends.jpg
465,14564,A Splash of Nash,16,https://www.rokaakor.com/wp-content/uploads/2018/10/Top-5-Cocktail-Trends.jpg
466,14578,Amaretto Sunrise,1,https://www.rokaakor.com/wp-content/uploads/2018/10/Top-5-Cocktail-Trends.jpg
467,14584,Arizona Stingers,25,https://www.rokaakor.com/wp-content/uploads/2018/10/Top-5-Cocktail-Trends.jpg
468,14602,Tequila Surprise,0,https://www.rokaakor.com/wp-content/uploads/2018/10/Top-5-Cocktail-Trends.jpg
469,15423,110 in the shade,20,https://www.rokaakor.com/wp-content/uploads/2018/10/Top-5-Cocktail-Trends.jpg
470,15615,Chocolate Monkey,0,https://www.rokaakor.com/wp-content/uploads/2018/10/Top-5-Cocktail-Trends.jpg
471,17183,Bacardi Cocktail,24,https://www.rokaakor.com/wp-content/uploads/2018/10/Top-5-Cocktail-Trends.jpg
472,16295,Bleeding Surgeon,47,https://www.rokaakor.com/wp-content/uploads/2018/10/Top-5-Cocktail-Trends.jpg
473,17118,Arctic Mouthwash,0,https://www.rokaakor.com/wp-content/uploads/2018/10/Top-5-Cocktail-Trends.jpg
474,17167,Raspberry Cooler,14,https://www.rokaakor.com/wp-content/uploads/2018/10/Top-5-Cocktail-Trends.jpg
475,17212,Espresso Martini,31,https://www.rokaakor.com/wp-content/uploads/2018/10/Top-5-Cocktail-Trends.jpg
476,17826,The Jimmy Conway,0,https://www.rokaakor.com/wp-content/uploads/2018/10/Top-5-Cocktail-Trends.jpg
477,178308,Spritz Veneziano,0,https://www.rokaakor.com/wp-content/uploads/2018/10/Top-5-Cocktail-Trends.jpg
478,178309,Espresso Rumtini,9,https://www.rokaakor.com/wp-content/uploads/2018/10/Top-5-Cocktail-Trends.jpg
479,178327,Pineapple Paloma,10,https://www.rokaakor.com/wp-content/uploads/2018/10/Top-5-Cocktail-Trends.jpg
480,178336,Blueberry Mojito,31,https://www.rokaakor.com/wp-content/uploads/2018/10/Top-5-Cocktail-Trends.jpg
481,178337,Autumn Garibaldi,14,https://www.rokaakor.com/wp-content/uploads/2018/10/Top-5-Cocktail-Trends.jpg
482,11326,Dubonnet Cocktail,25,https://www.rokaakor.com/wp-content/uploads/2018/10/Top-5-Cocktail-Trends.jpg
483,11462,Harvey Wallbanger,16,https://pxhere.com/en/photo/1435855
484,11472,Hawaiian Cocktail,29,https://www.rokaakor.com/wp-content/uploads/2018/10/Top-5-Cocktail-Trends.jpg
485,11566,Jewel Of The Nile,84,https://www.rokaakor.com/wp-content/uploads/2018/10/Top-5-Cocktail-Trends.jpg
486,11720,Martinez Cocktail,19,https://www.rokaakor.com/wp-content/uploads/2018/10/Top-5-Cocktail-Trends.jpg
487,11983,Quaker's Cocktail,28,https://www.rokaakor.com/wp-content/uploads/2018/10/Top-5-Cocktail-Trends.jpg
488,12089,Rum Old-fashioned,32,https://www.rokaakor.com/wp-content/uploads/2018/10/Top-5-Cocktail-Trends.jpg
489,12186,Shanghai Cocktail,9,https://www.rokaakor.com/wp-content/uploads/2018/10/Top-5-Cocktail-Trends.jpg
490,12224,Sloe Gin Cocktail,43,https://www.rokaakor.com/wp-content/uploads/2018/10/Top-5-Cocktail-Trends.jpg
491,12434,Valencia Cocktail,25,https://www.rokaakor.com/wp-content/uploads/2018/10/Top-5-Cocktail-Trends.jpg
492,12654,Banana Milk Shake,0,https://www.rokaakor.com/wp-content/uploads/2018/10/Top-5-Cocktail-Trends.jpg
493,12706,Imperial Cocktail,7,https://www.rokaakor.com/wp-content/uploads/2018/10/Top-5-Cocktail-Trends.jpg
494,12750,Spanish chocolate,0,https://www.rokaakor.com/wp-content/uploads/2018/10/Top-5-Cocktail-Trends.jpg
495,12802,Cranberry Cordial,11,https://www.rokaakor.com/wp-content/uploads/2018/10/Top-5-Cocktail-Trends.jpg
496,12862,Aloha Fruit punch,0,https://www.rokaakor.com/wp-content/uploads/2018/10/Top-5-Cocktail-Trends.jpg
497,12864,Apple Cider Punch,0,https://www.rokaakor.com/wp-content/uploads/2018/10/Top-5-Cocktail-Trends.jpg
498,12916,Egg Nog - Healthy,0,https://www.rokaakor.com/wp-content/uploads/2018/10/Top-5-Cocktail-Trends.jpg
499,13026,Sangria The  Best,2,https://www.rokaakor.com/wp-content/uploads/2018/10/Top-5-Cocktail-Trends.jpg
500,13192,National Aquarium,24,https://www.rokaakor.com/wp-content/uploads/2018/10/Top-5-Cocktail-Trends.jpg
501,13204,New York Lemonade,0,https://www.rokaakor.com/wp-content/uploads/2018/10/Top-5-Cocktail-Trends.jpg
502,14372,Absolut limousine,0,https://www.rokaakor.com/wp-content/uploads/2018/10/Top-5-Cocktail-Trends.jpg
503,14374,Absolut Evergreen,10,https://www.rokaakor.com/wp-content/uploads/2018/10/Top-5-Cocktail-Trends.jpg
504,17175,Girl From Ipanema,0,https://www.rokaakor.com/wp-content/uploads/2018/10/Top-5-Cocktail-Trends.jpg
505,15178,Texas Rattlesnake,39,https://www.rokaakor.com/wp-content/uploads/2018/10/Top-5-Cocktail-Trends.jpg
506,15597,Absolut Stress #2,7,https://www.rokaakor.com/wp-content/uploads/2018/10/Top-5-Cocktail-Trends.jpg
507,17020,Auburn Headbanger,17,https://www.rokaakor.com/wp-content/uploads/2018/10/Top-5-Cocktail-Trends.jpg
508,17198,French Connection,20,https://www.rokaakor.com/wp-content/uploads/2018/10/Top-5-Cocktail-Trends.jpg
509,17201,Hemingway Special,13,https://www.rokaakor.com/wp-content/uploads/2018/10/Top-5-Cocktail-Trends.jpg
510,17216,Tommy's Margarita,17,https://www.rokaakor.com/wp-content/uploads/2018/10/Top-5-Cocktail-Trends.jpg
511,178340,Garibaldi Negroni,0,https://www.rokaakor.com/wp-content/uploads/2018/10/Top-5-Cocktail-Trends.jpg
512,17831,A Furlong Too Late,40,https://www.rokaakor.com/wp-content/uploads/2018/10/Top-5-Cocktail-Trends.jpg
513,11025,Amaretto And Cream,14,https://www.rokaakor.com/wp-content/uploads/2018/10/Top-5-Cocktail-Trends.jpg
514,11227,Champagne Cocktail,0,https://pixabay.com/de/photos/champagner-cocktail-french-75-5374793/
515,11542,Jack Rose Cocktail,17,https://www.rokaakor.com/wp-content/uploads/2018/10/Top-5-Cocktail-Trends.jpg
516,11664,Lone Tree Cocktail,10,https://www.rokaakor.com/wp-content/uploads/2018/10/Top-5-Cocktail-Trends.jpg
517,11961,Port And Starboard,0,https://www.rokaakor.com/wp-content/uploads/2018/10/Top-5-Cocktail-Trends.jpg
518,11963,Port Wine Cocktail,4,https://www.rokaakor.com/wp-content/uploads/2018/10/Top-5-Cocktail-Trends.jpg
519,12722,Strawberry Shivers,0,https://www.rokaakor.com/wp-content/uploads/2018/10/Top-5-Cocktail-Trends.jpg
520,12732,Chocolate Beverage,0,https://www.rokaakor.com/wp-content/uploads/2018/10/Top-5-Cocktail-Trends.jpg
521,12736,Drinking Chocolate,0,https://www.rokaakor.com/wp-content/uploads/2018/10/Top-5-Cocktail-Trends.jpg
522,12772,Iced Coffee Fillip,0,https://www.rokaakor.com/wp-content/uploads/2018/10/Top-5-Cocktail-Trends.jpg
523,13032,Spiced Peach Punch,0,https://www.rokaakor.com/wp-content/uploads/2018/10/Top-5-Cocktail-Trends.jpg
524,13068,Brave Bull Shooter,22,https://www.rokaakor.com/wp-content/uploads/2018/10/Top-5-Cocktail-Trends.jpg
525,13202,Flaming Dr. Pepper,23,https://www.rokaakor.com/wp-content/uploads/2018/10/Top-5-Cocktail-Trends.jpg
526,14107,Absolut Summertime,0,https://www.rokaakor.com/wp-content/uploads/2018/10/Top-5-Cocktail-Trends.jpg
527,15200,A Day at the Beach,13,https://www.rokaakor.com/wp-content/uploads/2018/10/Top-5-Cocktail-Trends.jpg
528,17184,Between The Sheets,29,https://www.rokaakor.com/wp-content/uploads/2018/10/Top-5-Cocktail-Trends.jpg
529,15951,Black Forest Shake,0,https://www.rokaakor.com/wp-content/uploads/2018/10/Top-5-Cocktail-Trends.jpg
530,16158,Whitecap Margarita,2,https://www.rokaakor.com/wp-content/uploads/2018/10/Top-5-Cocktail-Trends.jpg
531,16354,Arizona Antifreeze,29,https://www.rokaakor.com/wp-content/uploads/2018/10/Top-5-Cocktail-Trends.jpg
532,16987,Irish Curdling Cow,37,https://www.rokaakor.com/wp-content/uploads/2018/10/Top-5-Cocktail-Trends.jpg
533,178326,White Wine Sangria,9,https://www.rokaakor.com/wp-content/uploads/2018/10/Top-5-Cocktail-Trends.jpg
534,178339,The Strange Weaver,7,https://www.rokaakor.com/wp-content/uploads/2018/10/Top-5-Cocktail-Trends.jpg
535,11205,California Lemonade,0,https://www.rokaakor.com/wp-content/uploads/2018/10/Top-5-Cocktail-Trends.jpg
536,12316,Strawberry Daiquiri,9,https://www.rokaakor.com/wp-content/uploads/2018/10/Top-5-Cocktail-Trends.jpg
537,12474,Waikiki Beachcomber,31,https://www.rokaakor.com/wp-content/uploads/2018/10/Top-5-Cocktail-Trends.jpg
538,12744,Microwave Hot Cocoa,0,https://www.rokaakor.com/wp-content/uploads/2018/10/Top-5-Cocktail-Trends.jpg
539,12746,Nuked Hot Chocolate,0,https://www.rokaakor.com/wp-content/uploads/2018/10/Top-5-Cocktail-Trends.jpg
540,12760,Surf City Lifesaver,24,https://www.rokaakor.com/wp-content/uploads/2018/10/Top-5-Cocktail-Trends.jpg
541,13036,Strawberry Lemonade,0,https://www.rokaakor.com/wp-content/uploads/2018/10/Top-5-Cocktail-Trends.jpg
542,13042,Sunny Holiday Punch,0,https://www.rokaakor.com/wp-content/uploads/2018/10/Top-5-Cocktail-Trends.jpg
543,13675,Flander's Flake-Out,0,https://www.rokaakor.com/wp-content/uploads/2018/10/Top-5-Cocktail-Trends.jpg
544,14306,Amaretto Stone Sour,9,https://www.rokaakor.com/wp-content/uploads/2018/10/Top-5-Cocktail-Trends.jpg
545,15092,Pysch Vitamin Light,0,https://www.rokaakor.com/wp-content/uploads/2018/10/Top-5-Cocktail-Trends.jpg
546,15789,Snakebite and Black,0,https://www.rokaakor.com/wp-content/uploads/2018/10/Top-5-Cocktail-Trends.jpg
547,16271,The Evil Blue Thing,20,https://www.rokaakor.com/wp-content/uploads/2018/10/Top-5-Cocktail-Trends.jpg
548,16275,Jack's Vanilla Coke,0,https://www.rokaakor.com/wp-content/uploads/2018/10/Top-5-Cocktail-Trends.jpg
549,16485,Flaming Lamborghini,18,https://www.rokaakor.com/wp-content/uploads/2018/10/Top-5-Cocktail-Trends.jpg
550,16943,A Gilligan's Island,5,https://www.rokaakor.com/wp-content/uploads/2018/10/Top-5-Cocktail-Trends.jpg
551,17094,Alice in Wonderland,21,https://www.rokaakor.com/wp-content/uploads/2018/10/Top-5-Cocktail-Trends.jpg
552,17224,Absolutely Fabulous,14,https://www.rokaakor.com/wp-content/uploads/2018/10/Top-5-Cocktail-Trends.jpg
553,178335,Lazy Coconut Paloma,0,https://www.rokaakor.com/wp-content/uploads/2018/10/Top-5-Cocktail-Trends.jpg
554,11121,Bobby Burns Cocktail,2,https://www.rokaakor.com/wp-content/uploads/2018/10/Top-5-Cocktail-Trends.jpg
555,11390,Frozen Mint Daiquiri,35,https://www.rokaakor.com/wp-content/uploads/2018/10/Top-5-Cocktail-Trends.jpg
556,12322,Strawberry Margarita,15,https://www.rokaakor.com/wp-content/uploads/2018/10/Top-5-Cocktail-Trends.jpg
557,12710,Apple Berry Smoothie,0,https://www.rokaakor.com/wp-content/uploads/2018/10/Top-5-Cocktail-Trends.jpg
558,12714,Kiwi Papaya Smoothie,0,https://www.rokaakor.com/wp-content/uploads/2018/10/Top-5-Cocktail-Trends.jpg
559,13535,Pink Panty Pulldowns,10,https://www.rokaakor.com/wp-content/uploads/2018/10/Top-5-Cocktail-Trends.jpg
560,14133,Cosmopolitan Martini,22,https://www.rokaakor.com/wp-content/uploads/2018/10/Top-5-Cocktail-Trends.jpg
561,14282,California Root Beer,17,https://www.rokaakor.com/wp-content/uploads/2018/10/Top-5-Cocktail-Trends.jpg
562,14510,Bailey's Dream Shake,11,https://www.rokaakor.com/wp-content/uploads/2018/10/Top-5-Cocktail-Trends.jpg
563,16134,Absolutly Screwed Up,10,https://www.rokaakor.com/wp-content/uploads/2018/10/Top-5-Cocktail-Trends.jpg
564,17005,A True Amaretto Sour,12,https://www.rokaakor.com/wp-content/uploads/2018/10/Top-5-Cocktail-Trends.jpg
565,17204,Long Island Iced Tea,41,https://www.rokaakor.com/wp-content/uploads/2018/10/Top-5-Cocktail-Trends.jpg
566,17214,Russian Spring Punch,13,https://www.rokaakor.com/wp-content/uploads/2018/10/Top-5-Cocktail-Trends.jpg
567,178329,Captain Kidd's Punch,22,https://www.rokaakor.com/wp-content/uploads/2018/10/Top-5-Cocktail-Trends.jpg
568,11010,After Dinner Cocktail,24,https://www.thecocktaildb.com/drink/11010
569,11011,After Supper Cocktail,30,https://www.thecocktaildb.com/drink/11011
570,11145,Classic Old-Fashioned,49,https://www.rokaakor.com/wp-content/uploads/2018/10/Top-5-Cocktail-Trends.jpg
571,11339,English Rose Cocktail,21,https://www.rokaakor.com/wp-content/uploads/2018/10/Top-5-Cocktail-Trends.jpg
572,11985,Quarter Deck Cocktail,0,https://www.rokaakor.com/wp-content/uploads/2018/10/Top-5-Cocktail-Trends.jpg
573,12716,Mango Orange Smoothie,0,https://www.rokaakor.com/wp-content/uploads/2018/10/Top-5-Cocktail-Trends.jpg
574,16202,Amaretto Sweet & Sour,0,https://www.rokaakor.com/wp-content/uploads/2018/10/Top-5-Cocktail-Trends.jpg
575,17065,Caribbean Boilermaker,5,https://www.rokaakor.com/wp-content/uploads/2018/10/Top-5-Cocktail-Trends.jpg
576,17229,Adios Amigos Cocktail,7,https://www.rokaakor.com/wp-content/uploads/2018/10/Top-5-Cocktail-Trends.jpg
577,17233,Salted Toffee Martini,28,https://www.rokaakor.com/wp-content/uploads/2018/10/Top-5-Cocktail-Trends.jpg
578,178323,Passion Fruit Martini,14,https://www.rokaakor.com/wp-content/uploads/2018/10/Top-5-Cocktail-Trends.jpg
579,12720,Kill the cold Smoothie,4,https://www.rokaakor.com/wp-content/uploads/2018/10/Top-5-Cocktail-Trends.jpg
580,14588,151 Florida Bushwacker,18,https://www.rokaakor.com/wp-content/uploads/2018/10/Top-5-Cocktail-Trends.jpg
581,15675,A midsummernight dream,26,https://www.rokaakor.com/wp-content/uploads/2018/10/Top-5-Cocktail-Trends.jpg
582,16958,Apple Pie with A Crust,15,https://www.rokaakor.com/wp-content/uploads/2018/10/Top-5-Cocktail-Trends.jpg
583,178334,Death in the Afternoon,60,https://www.rokaakor.com/wp-content/uploads/2018/10/Top-5-Cocktail-Trends.jpg
584,178346,Elderflower Caipirinha,0,https://www.instagram.com/p/CKpDNzFFKvl/
585,17832,A Night In Old Mandalay,25,https://www.rokaakor.com/wp-content/uploads/2018/10/Top-5-Cocktail-Trends.jpg
586,11243,Chocolate Black Russian,10,https://www.rokaakor.com/wp-content/uploads/2018/10/Top-5-Cocktail-Trends.jpg
587,11476,Highland Fling Cocktail,0,https://www.rokaakor.com/wp-content/uploads/2018/10/Top-5-Cocktail-Trends.jpg
588,12656,Banana Strawberry Shake,0,https://www.rokaakor.com/wp-content/uploads/2018/10/Top-5-Cocktail-Trends.jpg
589,16082,Almond Chocolate Coffee,8,https://www.rokaakor.com/wp-content/uploads/2018/10/Top-5-Cocktail-Trends.jpg
590,17002,Gideon's Green Dinosaur,37,https://www.rokaakor.com/wp-content/uploads/2018/10/Top-5-Cocktail-Trends.jpg
591,178341,Orange Rosemary Collins,33,https://www.rokaakor.com/wp-content/uploads/2018/10/Top-5-Cocktail-Trends.jpg
592,12730,Castillian Hot Chocolate,0,https://www.rokaakor.com/wp-content/uploads/2018/10/Top-5-Cocktail-Trends.jpg
593,12738,Hot Chocolate to Die for,0,https://www.rokaakor.com/wp-content/uploads/2018/10/Top-5-Cocktail-Trends.jpg
594,12796,Caribbean Orange Liqueur,31,https://www.rokaakor.com/wp-content/uploads/2018/10/Top-5-Cocktail-Trends.jpg
595,12914,Egg-Nog - Classic Cooked,0,https://www.rokaakor.com/wp-content/uploads/2018/10/Top-5-Cocktail-Trends.jpg
596,14157,Ziemes Martini Apfelsaft,0,https://www.rokaakor.com/wp-content/uploads/2018/10/Top-5-Cocktail-Trends.jpg
597,17174,Cherry Electric Lemonade,20,https://www.rokaakor.com/wp-content/uploads/2018/10/Top-5-Cocktail-Trends.jpg
598,17221,Boozy Snickers Milkshake,0,https://www.rokaakor.com/wp-content/uploads/2018/10/Top-5-Cocktail-Trends.jpg
599,11391,Frozen Pineapple Daiquiri,30,https://www.rokaakor.com/wp-content/uploads/2018/10/Top-5-Cocktail-Trends.jpg
600,12854,Scottish Highland Liqueur,0,https://www.rokaakor.com/wp-content/uploads/2018/10/Top-5-Cocktail-Trends.jpg
601,11786,Mississippi Planters Punch,48,https://www.rokaakor.com/wp-content/uploads/2018/10/Top-5-Cocktail-Trends.jpg
602,12708,Banana Cantaloupe Smoothie,0,https://www.rokaakor.com/wp-content/uploads/2018/10/Top-5-Cocktail-Trends.jpg
603,14560,A.D.M. (After Dinner Mint),28,https://www.rokaakor.com/wp-content/uploads/2018/10/Top-5-Cocktail-Trends.jpg
604,15024,Absolutely Cranberry Smash,19,https://www.rokaakor.com/wp-content/uploads/2018/10/Top-5-Cocktail-Trends.jpg
605,15300,3-Mile Long Island Iced Tea,32,https://www.rokaakor.com/wp-content/uploads/2018/10/Top-5-Cocktail-Trends.jpg
606,178332,Smashed Watermelon Margarita,1,https://www.rokaakor.com/wp-content/uploads/2018/10/Top-5-Cocktail-Trends.jpg
607,12690,Lassi - A South Indian Drink,0,https://www.rokaakor.com/wp-content/uploads/2018/10/Top-5-Cocktail-Trends.jpg
608,12718,Pineapple Gingerale Smoothie,37,https://www.rokaakor.com/wp-content/uploads/2018/10/Top-5-Cocktail-Trends.jpg
609,12748,Orange Scented Hot Chocolate,0,https://www.rokaakor.com/wp-content/uploads/2018/10/Top-5-Cocktail-Trends.jpg
610,13200,Owen's Grandmother's Revenge,0,https://www.rokaakor.com/wp-content/uploads/2018/10/Top-5-Cocktail-Trends.jpg
611,16447,Brandon and Will's Coke Float,7,https://www.rokaakor.com/wp-content/uploads/2018/10/Top-5-Cocktail-Trends.jpg
612,12712,Grape lemon pineapple Smoothie,0,https://www.rokaakor.com/wp-content/uploads/2018/10/Top-5-Cocktail-Trends.jpg
613,16100,Amaretto Stone Sour Alternative,24,https://www.rokaakor.com/wp-content/uploads/2018/10/Top-5-Cocktail-Trends.jpg
614,12658,Banana Strawberry Shake Daiquiri,0,https://www.rokaakor.com/wp-content/uploads/2018/10/Top-5-Cocktail-Trends.jpg
615,16984,Radioactive Long Island Iced Tea,41,https://www.rokaakor.com/wp-content/uploads/2018/10/Top-5-Cocktail-Trends.jpg
616,14029,57 Chevy with a White License Plate,21,https://www.rokaakor.com/wp-content/uploads/2018/10/Top-5-Cocktail-Trends.jpg
617,17246,Empellón Cocina's Fat-Washed Mezcal,0,https://www.rokaakor.com/wp-content/uploads/2018/10/Top-5-Cocktail-Trends.jpg
